Package,Module,Class,Function,LOC,CC,PC
fastai_fastai.dev_nbs.course,crappify,crappifier,__init__,3,1,2
fastai_fastai.dev_nbs.course,crappify,crappifier,__call__,10,1,1
fastai_fastai.dev_nbs.course,crappify,,resize_to,5,1,3
fastai_fastai.fastai,_nbdev,,custom_doc_links,3,1,1
fastai_fastai.fastai,_pytorch_doc,,_mod2page,6,1,1
fastai_fastai.fastai,_pytorch_doc,,pytorch_doc_link,16,3,1
fastai_fastai.fastai,collab,CollabDataLoaders,from_df,8,1,8
fastai_fastai.fastai,collab,CollabDataLoaders,from_csv,2,1,2
fastai_fastai.fastai,collab,EmbeddingDotBias,__init__,5,1,4
fastai_fastai.fastai,collab,EmbeddingDotBias,forward,6,1,1
fastai_fastai.fastai,collab,EmbeddingDotBias,from_classes,6,3,6
fastai_fastai.fastai,collab,EmbeddingDotBias,_get_idx,8,2,2
fastai_fastai.fastai,collab,EmbeddingDotBias,bias,4,1,2
fastai_fastai.fastai,collab,EmbeddingDotBias,weight,4,1,2
fastai_fastai.fastai,collab,EmbeddingNN,__init__,2,1,2
fastai_fastai.fastai,collab,,collab_learner,9,6,8
fastai_fastai.fastai,distributed,ParallelTrainer,__init__,2,1,1
fastai_fastai.fastai,distributed,ParallelTrainer,before_fit,2,1,0
fastai_fastai.fastai,distributed,ParallelTrainer,after_fit,2,1,0
fastai_fastai.fastai,distributed,DistributedDL,__init__,14,5,4
fastai_fastai.fastai,distributed,DistributedDL,_broadcast,4,1,2
fastai_fastai.fastai,distributed,DistributedDL,_to_detach,2,1,3
fastai_fastai.fastai,distributed,DistributedDL,__len__,2,1,0
fastai_fastai.fastai,distributed,DistributedDL,get_idxs,7,1,0
fastai_fastai.fastai,distributed,DistributedDL,before_iter,3,1,0
fastai_fastai.fastai,distributed,DistributedDL,randomize,2,1,0
fastai_fastai.fastai,distributed,DistributedDL,after_batch,3,1,1
fastai_fastai.fastai,distributed,DistributedDL,after_iter,2,1,0
fastai_fastai.fastai,distributed,DistributedDL,create_batches,2,1,1
fastai_fastai.fastai,distributed,DistributedDL,to_detach,10,3,3
fastai_fastai.fastai,distributed,DistributedTrainer,__init__,3,1,1
fastai_fastai.fastai,distributed,DistributedTrainer,before_fit,7,2,0
fastai_fastai.fastai,distributed,DistributedTrainer,_wrap_dl,2,1,1
fastai_fastai.fastai,distributed,DistributedTrainer,_backward,2,1,0
fastai_fastai.fastai,distributed,DistributedTrainer,before_train,2,1,0
fastai_fastai.fastai,distributed,DistributedTrainer,before_validate,2,1,0
fastai_fastai.fastai,distributed,DistributedTrainer,after_fit,2,1,0
fastai_fastai.fastai,distributed,,reset,2,2,0
fastai_fastai.fastai,distributed,,to_parallel,3,1,1
fastai_fastai.fastai,distributed,,detach_parallel,3,1,0
fastai_fastai.fastai,distributed,,parallel_ctx,5,1,1
fastai_fastai.fastai,distributed,,reset,2,2,0
fastai_fastai.fastai,distributed,,setup_distrib,6,2,1
fastai_fastai.fastai,distributed,,teardown_distrib,2,2,0
fastai_fastai.fastai,distributed,,_round_to_multiple,2,1,2
fastai_fastai.fastai,distributed,,to_distributed,4,2,1
fastai_fastai.fastai,distributed,,detach_distributed,5,3,0
fastai_fastai.fastai,distributed,,distrib_ctx,18,7,2
fastai_fastai.fastai,distributed,,rank0_first,8,5,1
fastai_fastai.fastai,fp16_utils,tofp16,__init__,2,1,0
fastai_fastai.fastai,fp16_utils,tofp16,forward,2,1,1
fastai_fastai.fastai,fp16_utils,FP16Model,__init__,3,1,1
fastai_fastai.fastai,fp16_utils,FP16Model,forward,3,1,0
fastai_fastai.fastai,fp16_utils,,BN_convert_float,8,4,1
fastai_fastai.fastai,fp16_utils,,network_to_half,4,1,1
fastai_fastai.fastai,fp16_utils,,convert_module,12,9,2
fastai_fastai.fastai,fp16_utils,,convert_network,10,6,2
fastai_fastai.fastai,fp16_utils,,backwards_debug_hook,2,1,1
fastai_fastai.fastai,fp16_utils,,prep_param_lists,25,4,2
fastai_fastai.fastai,fp16_utils,,model_grads_to_master_grads,15,5,3
fastai_fastai.fastai,fp16_utils,,master_params_to_model_params,10,4,3
fastai_fastai.fastai,fp16_utils,,to_python_float,5,1,1
fastai_fastai.fastai,imports,,is_iter,2,2,1
fastai_fastai.fastai,imports,,is_coll,2,2,1
fastai_fastai.fastai,imports,,all_equal,3,1,2
fastai_fastai.fastai,imports,,noop,2,1,1
fastai_fastai.fastai,imports,,noops,2,1,1
fastai_fastai.fastai,imports,,one_is_instance,2,2,3
fastai_fastai.fastai,imports,,equals,9,2,2
fastai_fastai.fastai,imports,,pv,2,2,2
fastai_fastai.fastai,interpret,Interpretation,__init__,2,1,4
fastai_fastai.fastai,interpret,Interpretation,__getitem__,8,3,1
fastai_fastai.fastai,interpret,Interpretation,from_learner,5,2,5
fastai_fastai.fastai,interpret,Interpretation,top_losses,4,1,3
fastai_fastai.fastai,interpret,Interpretation,plot_top_losses,11,4,2
fastai_fastai.fastai,interpret,Interpretation,show_results,6,3,1
fastai_fastai.fastai,interpret,ClassificationInterpretation,__init__,4,2,4
fastai_fastai.fastai,interpret,ClassificationInterpretation,confusion_matrix,7,1,0
fastai_fastai.fastai,interpret,ClassificationInterpretation,plot_confusion_matrix,21,4,5
fastai_fastai.fastai,interpret,ClassificationInterpretation,most_confused,5,1,1
fastai_fastai.fastai,interpret,ClassificationInterpretation,print_classification_report,6,1,0
fastai_fastai.fastai,interpret,,plot_top_losses,2,1,2
fastai_fastai.fastai,layers,PartialLambda,__init__,3,1,1
fastai_fastai.fastai,layers,PartialLambda,forward,2,1,1
fastai_fastai.fastai,layers,PartialLambda,__repr__,2,1,0
fastai_fastai.fastai,layers,View,__init__,2,1,0
fastai_fastai.fastai,layers,View,forward,2,1,1
fastai_fastai.fastai,layers,ResizeBatch,__init__,2,1,0
fastai_fastai.fastai,layers,ResizeBatch,forward,2,1,1
fastai_fastai.fastai,layers,AdaptiveConcatPool1d,__init__,4,2,1
fastai_fastai.fastai,layers,AdaptiveConcatPool1d,forward,2,1,1
fastai_fastai.fastai,layers,AdaptiveConcatPool2d,__init__,4,2,1
fastai_fastai.fastai,layers,AdaptiveConcatPool2d,forward,2,1,1
fastai_fastai.fastai,layers,PoolFlatten,__init__,2,1,1
fastai_fastai.fastai,layers,BatchNorm1dFlat,forward,5,1,1
fastai_fastai.fastai,layers,LinBnDrop,__init__,7,3,6
fastai_fastai.fastai,layers,ConvLayer,__init__,20,11,14
fastai_fastai.fastai,layers,Embedding,__init__,3,1,3
fastai_fastai.fastai,layers,SelfAttention,__init__,3,1,1
fastai_fastai.fastai,layers,SelfAttention,_conv,2,1,2
fastai_fastai.fastai,layers,SelfAttention,forward,7,1,1
fastai_fastai.fastai,layers,PooledSelfAttention2d,__init__,5,1,1
fastai_fastai.fastai,layers,PooledSelfAttention2d,_conv,2,1,2
fastai_fastai.fastai,layers,PooledSelfAttention2d,forward,8,1,1
fastai_fastai.fastai,layers,SimpleSelfAttention,__init__,4,1,3
fastai_fastai.fastai,layers,SimpleSelfAttention,forward,12,2,1
fastai_fastai.fastai,layers,PixelShuffle_ICNR,__init__,12,3,6
fastai_fastai.fastai,layers,SequentialEx,__init__,2,1,0
fastai_fastai.fastai,layers,SequentialEx,forward,9,2,1
fastai_fastai.fastai,layers,SequentialEx,__getitem__,2,1,1
fastai_fastai.fastai,layers,SequentialEx,append,2,1,1
fastai_fastai.fastai,layers,SequentialEx,extend,2,1,1
fastai_fastai.fastai,layers,SequentialEx,insert,2,1,2
fastai_fastai.fastai,layers,MergeLayer,__init__,2,1,1
fastai_fastai.fastai,layers,MergeLayer,forward,2,1,1
fastai_fastai.fastai,layers,Cat,__init__,3,1,2
fastai_fastai.fastai,layers,Cat,forward,2,1,1
fastai_fastai.fastai,layers,SimpleCNN,__init__,8,2,4
fastai_fastai.fastai,layers,ProdLayer,forward,2,1,1
fastai_fastai.fastai,layers,ResBlock,__init__,22,7,18
fastai_fastai.fastai,layers,ResBlock,forward,2,1,1
fastai_fastai.fastai,layers,TimeDistributed,__init__,2,1,3
fastai_fastai.fastai,layers,TimeDistributed,forward,9,2,0
fastai_fastai.fastai,layers,TimeDistributed,low_mem_forward,9,2,0
fastai_fastai.fastai,layers,TimeDistributed,format_output,4,1,3
fastai_fastai.fastai,layers,TimeDistributed,__repr__,2,1,0
fastai_fastai.fastai,layers,_SwishJitAutoFn,forward,3,1,2
fastai_fastai.fastai,layers,_SwishJitAutoFn,backward,3,1,2
fastai_fastai.fastai,layers,SwishJit,forward,2,1,1
fastai_fastai.fastai,layers,MishJitAutoFn,forward,3,1,2
fastai_fastai.fastai,layers,MishJitAutoFn,backward,3,1,2
fastai_fastai.fastai,layers,MishJit,forward,2,1,1
fastai_fastai.fastai,layers,ParameterModule,__init__,2,1,1
fastai_fastai.fastai,layers,ParameterModule,forward,2,1,1
fastai_fastai.fastai,layers,NoneReduce,__init__,2,1,1
fastai_fastai.fastai,layers,NoneReduce,__enter__,6,1,0
fastai_fastai.fastai,layers,NoneReduce,__exit__,2,2,3
fastai_fastai.fastai,layers,,module,20,2,0
fastai_fastai.fastai,layers,,Identity,2,1,1
fastai_fastai.fastai,layers,,Lambda,2,1,1
fastai_fastai.fastai,layers,,Flatten,2,1,1
fastai_fastai.fastai,layers,,ToTensorBase,2,1,1
fastai_fastai.fastai,layers,,Debugger,3,1,1
fastai_fastai.fastai,layers,,sigmoid_range,2,1,3
fastai_fastai.fastai,layers,,SigmoidRange,2,1,1
fastai_fastai.fastai,layers,,adaptive_pool,2,1,1
fastai_fastai.fastai,layers,,_get_norm,7,2,4
fastai_fastai.fastai,layers,,BatchNorm,2,1,3
fastai_fastai.fastai,layers,,InstanceNorm,2,1,4
fastai_fastai.fastai,layers,,sigmoid,2,1,2
fastai_fastai.fastai,layers,,sigmoid_,2,1,2
fastai_fastai.fastai,layers,,vleaky_relu,2,1,2
fastai_fastai.fastai,layers,,init_default,4,3,2
fastai_fastai.fastai,layers,,init_linear,9,8,4
fastai_fastai.fastai,layers,,_conv_func,3,1,2
fastai_fastai.fastai,layers,,AdaptiveAvgPool,3,1,2
fastai_fastai.fastai,layers,,MaxPool,3,1,5
fastai_fastai.fastai,layers,,AvgPool,3,1,5
fastai_fastai.fastai,layers,,trunc_normal_,2,1,3
fastai_fastai.fastai,layers,,_conv1d_spect,5,2,6
fastai_fastai.fastai,layers,,icnr_init,7,1,3
fastai_fastai.fastai,layers,,sequential,6,5,0
fastai_fastai.fastai,layers,,SEModule,6,1,3
fastai_fastai.fastai,layers,,SEBlock,2,1,6
fastai_fastai.fastai,layers,,SEResNeXtBlock,3,1,7
fastai_fastai.fastai,layers,,SeparableBlock,2,1,6
fastai_fastai.fastai,layers,,_stack_tups,2,1,2
fastai_fastai.fastai,layers,,_swish_jit_fwd,2,1,1
fastai_fastai.fastai,layers,,_swish_jit_bwd,3,1,2
fastai_fastai.fastai,layers,,swish,2,1,2
fastai_fastai.fastai,layers,,_mish_jit_fwd,2,1,1
fastai_fastai.fastai,layers,,_mish_jit_bwd,4,1,2
fastai_fastai.fastai,layers,,mish,2,1,2
fastai_fastai.fastai,layers,,children_and_parameters,6,3,1
fastai_fastai.fastai,layers,,has_children,4,1,1
fastai_fastai.fastai,layers,,flatten_model,2,1,1
fastai_fastai.fastai,layers,,in_channels,3,2,1
fastai_fastai.fastai,learner,_ConstantFunc,__init__,2,1,1
fastai_fastai.fastai,learner,_ConstantFunc,__call__,2,1,0
fastai_fastai.fastai,learner,SkipToEpoch,__init__,2,1,1
fastai_fastai.fastai,learner,SkipToEpoch,before_epoch,3,2,0
fastai_fastai.fastai,learner,Learner,__init__,12,3,15
fastai_fastai.fastai,learner,Learner,metrics,2,1,0
fastai_fastai.fastai,learner,Learner,metrics,2,1,1
fastai_fastai.fastai,learner,Learner,_grab_cbs,2,1,1
fastai_fastai.fastai,learner,Learner,add_cbs,3,1,1
fastai_fastai.fastai,learner,Learner,remove_cbs,3,1,1
fastai_fastai.fastai,learner,Learner,add_cb,6,2,1
fastai_fastai.fastai,learner,Learner,remove_cb,7,4,1
fastai_fastai.fastai,learner,Learner,added_cbs,4,1,1
fastai_fastai.fastai,learner,Learner,removed_cbs,4,1,1
fastai_fastai.fastai,learner,Learner,ordered_cbs,2,1,1
fastai_fastai.fastai,learner,Learner,__call__,2,1,1
fastai_fastai.fastai,learner,Learner,_call_one,3,3,1
fastai_fastai.fastai,learner,Learner,_bn_bias_state,2,1,1
fastai_fastai.fastai,learner,Learner,create_opt,13,8,0
fastai_fastai.fastai,learner,Learner,_split,3,1,1
fastai_fastai.fastai,learner,Learner,_with_events,5,2,4
fastai_fastai.fastai,learner,Learner,all_batches,3,2,0
fastai_fastai.fastai,learner,Learner,_backward,2,1,0
fastai_fastai.fastai,learner,Learner,_step,2,1,0
fastai_fastai.fastai,learner,Learner,_do_grad_opt,4,1,0
fastai_fastai.fastai,learner,Learner,_do_one_batch,9,4,0
fastai_fastai.fastai,learner,Learner,_set_device,5,1,1
fastai_fastai.fastai,learner,Learner,one_batch,5,1,2
fastai_fastai.fastai,learner,Learner,_do_epoch_train,3,1,0
fastai_fastai.fastai,learner,Learner,_do_epoch_validate,4,2,2
fastai_fastai.fastai,learner,Learner,_do_epoch,3,1,0
fastai_fastai.fastai,learner,Learner,_do_fit,4,2,0
fastai_fastai.fastai,learner,Learner,fit,10,6,6
fastai_fastai.fastai,learner,Learner,_end_cleanup,2,1,0
fastai_fastai.fastai,learner,Learner,__enter__,3,1,0
fastai_fastai.fastai,learner,Learner,__exit__,2,1,3
fastai_fastai.fastai,learner,Learner,validation_context,5,3,2
fastai_fastai.fastai,learner,Learner,validate,4,2,3
fastai_fastai.fastai,learner,Learner,get_preds,25,13,9
fastai_fastai.fastai,learner,Learner,predict,10,2,3
fastai_fastai.fastai,learner,Learner,show_results,5,2,4
fastai_fastai.fastai,learner,Learner,show_training_loop,6,4,0
fastai_fastai.fastai,learner,Learner,no_logging,2,1,0
fastai_fastai.fastai,learner,Learner,no_mbar,2,1,0
fastai_fastai.fastai,learner,Learner,loss_not_reduced,3,1,0
fastai_fastai.fastai,learner,Learner,to_detach,2,1,3
fastai_fastai.fastai,learner,Learner,__getstate__,2,1,0
fastai_fastai.fastai,learner,Learner,__setstate__,3,1,1
fastai_fastai.fastai,learner,Metric,reset,2,1,0
fastai_fastai.fastai,learner,Metric,accumulate,2,1,1
fastai_fastai.fastai,learner,Metric,value,2,1,0
fastai_fastai.fastai,learner,Metric,name,2,1,0
fastai_fastai.fastai,learner,AvgMetric,__init__,2,1,1
fastai_fastai.fastai,learner,AvgMetric,reset,2,1,0
fastai_fastai.fastai,learner,AvgMetric,accumulate,4,1,1
fastai_fastai.fastai,learner,AvgMetric,value,2,1,0
fastai_fastai.fastai,learner,AvgMetric,name,2,1,0
fastai_fastai.fastai,learner,AvgLoss,reset,2,1,0
fastai_fastai.fastai,learner,AvgLoss,accumulate,4,1,1
fastai_fastai.fastai,learner,AvgLoss,value,2,1,0
fastai_fastai.fastai,learner,AvgLoss,name,2,1,0
fastai_fastai.fastai,learner,AvgSmoothLoss,__init__,2,1,1
fastai_fastai.fastai,learner,AvgSmoothLoss,reset,2,1,0
fastai_fastai.fastai,learner,AvgSmoothLoss,accumulate,3,1,1
fastai_fastai.fastai,learner,AvgSmoothLoss,value,2,1,0
fastai_fastai.fastai,learner,ValueMetric,__init__,2,1,2
fastai_fastai.fastai,learner,ValueMetric,value,2,1,0
fastai_fastai.fastai,learner,ValueMetric,name,2,1,0
fastai_fastai.fastai,learner,Recorder,__init__,3,1,4
fastai_fastai.fastai,learner,Recorder,before_fit,11,5,0
fastai_fastai.fastai,learner,Recorder,after_batch,8,3,0
fastai_fastai.fastai,learner,Recorder,before_epoch,4,2,0
fastai_fastai.fastai,learner,Recorder,before_train,2,1,0
fastai_fastai.fastai,learner,Recorder,before_validate,2,1,0
fastai_fastai.fastai,learner,Recorder,after_train,2,1,0
fastai_fastai.fastai,learner,Recorder,after_validate,2,1,0
fastai_fastai.fastai,learner,Recorder,after_cancel_train,2,1,0
fastai_fastai.fastai,learner,Recorder,after_cancel_validate,2,1,0
fastai_fastai.fastai,learner,Recorder,after_epoch,6,2,0
fastai_fastai.fastai,learner,Recorder,_train_mets,3,1,0
fastai_fastai.fastai,learner,Recorder,_valid_mets,3,1,0
fastai_fastai.fastai,learner,Recorder,plot_loss,19,6,5
fastai_fastai.fastai,learner,CastToTensor,before_batch,2,1,0
fastai_fastai.fastai,learner,,replacing_yield,4,1,3
fastai_fastai.fastai,learner,,mk_metric,3,2,1
fastai_fastai.fastai,learner,,save_model,6,4,5
fastai_fastai.fastai,learner,,load_model,12,8,6
fastai_fastai.fastai,learner,,_try_concat,3,1,1
fastai_fastai.fastai,learner,,_before_batch_cb,3,1,1
fastai_fastai.fastai,learner,,before_batch_cb,2,1,1
fastai_fastai.fastai,learner,,save,4,1,1
fastai_fastai.fastai,learner,,load,7,4,2
fastai_fastai.fastai,learner,,export,14,3,3
fastai_fastai.fastai,learner,,load_learner,13,6,3
fastai_fastai.fastai,learner,,_maybe_item,4,1,1
fastai_fastai.fastai,learner,,_cast_tensor,3,1,1
fastai_fastai.fastai,learner,,freeze_to,4,2,1
fastai_fastai.fastai,learner,,freeze,2,1,0
fastai_fastai.fastai,learner,,unfreeze,2,1,0
fastai_fastai.fastai,learner,,tta,19,6,7
fastai_fastai.fastai,losses,BaseLoss,__init__,5,1,1
fastai_fastai.fastai,losses,BaseLoss,__repr__,2,1,0
fastai_fastai.fastai,losses,BaseLoss,reduction,2,1,0
fastai_fastai.fastai,losses,BaseLoss,reduction,2,1,1
fastai_fastai.fastai,losses,BaseLoss,_contiguous,2,1,1
fastai_fastai.fastai,losses,BaseLoss,__call__,6,5,2
fastai_fastai.fastai,losses,BaseLoss,to,2,2,1
fastai_fastai.fastai,losses,CrossEntropyLossFlat,__init__,2,1,0
fastai_fastai.fastai,losses,CrossEntropyLossFlat,decodes,2,1,1
fastai_fastai.fastai,losses,CrossEntropyLossFlat,activation,2,1,1
fastai_fastai.fastai,losses,FocalLoss,__init__,2,1,3
fastai_fastai.fastai,losses,FocalLoss,forward,9,3,2
fastai_fastai.fastai,losses,FocalLossFlat,__init__,2,1,0
fastai_fastai.fastai,losses,FocalLossFlat,decodes,2,1,1
fastai_fastai.fastai,losses,FocalLossFlat,activation,2,1,1
fastai_fastai.fastai,losses,BCEWithLogitsLossFlat,__init__,6,4,0
fastai_fastai.fastai,losses,BCEWithLogitsLossFlat,decodes,2,1,1
fastai_fastai.fastai,losses,BCEWithLogitsLossFlat,activation,2,1,1
fastai_fastai.fastai,losses,LabelSmoothingCrossEntropy,__init__,2,1,3
fastai_fastai.fastai,losses,LabelSmoothingCrossEntropy,forward,8,3,2
fastai_fastai.fastai,losses,LabelSmoothingCrossEntropy,activation,2,1,1
fastai_fastai.fastai,losses,LabelSmoothingCrossEntropy,decodes,2,1,1
fastai_fastai.fastai,losses,LabelSmoothingCrossEntropyFlat,__init__,2,1,0
fastai_fastai.fastai,losses,LabelSmoothingCrossEntropyFlat,activation,2,1,1
fastai_fastai.fastai,losses,LabelSmoothingCrossEntropyFlat,decodes,2,1,1
fastai_fastai.fastai,losses,DiceLoss,__init__,2,1,4
fastai_fastai.fastai,losses,DiceLoss,__call__,16,3,2
fastai_fastai.fastai,losses,DiceLoss,_one_hot,2,1,3
fastai_fastai.fastai,losses,DiceLoss,activation,2,1,1
fastai_fastai.fastai,losses,DiceLoss,decodes,2,1,1
fastai_fastai.fastai,losses,,BCELossFlat,2,1,0
fastai_fastai.fastai,losses,,MSELossFlat,2,1,0
fastai_fastai.fastai,losses,,L1LossFlat,2,1,0
fastai_fastai.fastai,metrics,AccumMetric,__init__,4,1,8
fastai_fastai.fastai,metrics,AccumMetric,reset,2,1,0
fastai_fastai.fastai,metrics,AccumMetric,accumulate,9,6,1
fastai_fastai.fastai,metrics,AccumMetric,accum_values,6,2,3
fastai_fastai.fastai,metrics,AccumMetric,__call__,4,1,2
fastai_fastai.fastai,metrics,AccumMetric,value,5,2,0
fastai_fastai.fastai,metrics,AccumMetric,name,2,1,0
fastai_fastai.fastai,metrics,AccumMetric,name,2,1,1
fastai_fastai.fastai,metrics,Dice,__init__,2,1,1
fastai_fastai.fastai,metrics,Dice,reset,2,1,0
fastai_fastai.fastai,metrics,Dice,accumulate,4,1,1
fastai_fastai.fastai,metrics,Dice,value,2,1,0
fastai_fastai.fastai,metrics,DiceMulti,__init__,2,1,1
fastai_fastai.fastai,metrics,DiceMulti,reset,2,1,0
fastai_fastai.fastai,metrics,DiceMulti,accumulate,13,3,1
fastai_fastai.fastai,metrics,DiceMulti,value,5,2,0
fastai_fastai.fastai,metrics,JaccardCoeff,value,2,1,0
fastai_fastai.fastai,metrics,JaccardCoeffMulti,value,5,2,0
fastai_fastai.fastai,metrics,CorpusBLEUMetric,__init__,4,1,2
fastai_fastai.fastai,metrics,CorpusBLEUMetric,reset,2,1,0
fastai_fastai.fastai,metrics,CorpusBLEUMetric,get_grams,2,1,3
fastai_fastai.fastai,metrics,CorpusBLEUMetric,get_correct_ngrams,4,1,4
fastai_fastai.fastai,metrics,CorpusBLEUMetric,accumulate,16,5,1
fastai_fastai.fastai,metrics,CorpusBLEUMetric,value,7,1,0
fastai_fastai.fastai,metrics,Perplexity,value,2,1,0
fastai_fastai.fastai,metrics,Perplexity,name,2,1,0
fastai_fastai.fastai,metrics,LossMetric,__init__,2,1,2
fastai_fastai.fastai,metrics,LossMetric,accumulate,4,1,1
fastai_fastai.fastai,metrics,LossMetric,name,2,1,0
fastai_fastai.fastai,metrics,,skm_to_fastai,6,4,5
fastai_fastai.fastai,metrics,,optim_metric,12,-1,6
fastai_fastai.fastai,metrics,,accuracy,3,1,3
fastai_fastai.fastai,metrics,,error_rate,2,1,3
fastai_fastai.fastai,metrics,,top_k_accuracy,4,1,4
fastai_fastai.fastai,metrics,,APScoreBinary,3,1,4
fastai_fastai.fastai,metrics,,BalancedAccuracy,3,1,3
fastai_fastai.fastai,metrics,,BrierScore,3,1,3
fastai_fastai.fastai,metrics,,CohenKappa,3,1,4
fastai_fastai.fastai,metrics,,F1Score,3,1,5
fastai_fastai.fastai,metrics,,FBeta,3,1,6
fastai_fastai.fastai,metrics,,HammingLoss,3,1,2
fastai_fastai.fastai,metrics,,Jaccard,3,1,5
fastai_fastai.fastai,metrics,,Precision,3,1,5
fastai_fastai.fastai,metrics,,Recall,3,1,5
fastai_fastai.fastai,metrics,,RocAuc,4,1,5
fastai_fastai.fastai,metrics,,RocAucBinary,3,1,5
fastai_fastai.fastai,metrics,,MatthewsCorrCoef,2,1,1
fastai_fastai.fastai,metrics,,accuracy_multi,4,2,4
fastai_fastai.fastai,metrics,,APScoreMulti,4,1,4
fastai_fastai.fastai,metrics,,BrierScoreMulti,4,1,4
fastai_fastai.fastai,metrics,,F1ScoreMulti,4,1,6
fastai_fastai.fastai,metrics,,FBetaMulti,4,1,7
fastai_fastai.fastai,metrics,,HammingLossMulti,4,1,4
fastai_fastai.fastai,metrics,,JaccardMulti,4,1,6
fastai_fastai.fastai,metrics,,MatthewsCorrCoefMulti,3,1,3
fastai_fastai.fastai,metrics,,PrecisionMulti,4,1,6
fastai_fastai.fastai,metrics,,RecallMulti,4,1,6
fastai_fastai.fastai,metrics,,RocAucMulti,4,1,4
fastai_fastai.fastai,metrics,,mse,2,1,2
fastai_fastai.fastai,metrics,,_rmse,2,1,2
fastai_fastai.fastai,metrics,,mae,3,1,2
fastai_fastai.fastai,metrics,,msle,3,1,2
fastai_fastai.fastai,metrics,,_exp_rmspe,3,1,2
fastai_fastai.fastai,metrics,,ExplainedVariance,2,1,1
fastai_fastai.fastai,metrics,,R2Score,2,1,1
fastai_fastai.fastai,metrics,,PearsonCorrCoef,3,0,1
fastai_fastai.fastai,metrics,,SpearmanCorrCoef,4,0,3
fastai_fastai.fastai,metrics,,foreground_acc,4,1,4
fastai_fastai.fastai,metrics,,LossMetrics,4,2,2
fastai_fastai.fastai,optimizer,_BaseOptimizer,all_params,3,2,2
fastai_fastai.fastai,optimizer,_BaseOptimizer,_set_require_grad,2,2,5
fastai_fastai.fastai,optimizer,_BaseOptimizer,freeze_to,6,4,1
fastai_fastai.fastai,optimizer,_BaseOptimizer,freeze,3,1,0
fastai_fastai.fastai,optimizer,_BaseOptimizer,set_hypers,2,1,0
fastai_fastai.fastai,optimizer,_BaseOptimizer,_set_hyper,2,2,2
fastai_fastai.fastai,optimizer,_BaseOptimizer,set_hyper,8,4,2
fastai_fastai.fastai,optimizer,_BaseOptimizer,unfreeze,2,1,0
fastai_fastai.fastai,optimizer,_BaseOptimizer,param_groups,2,1,0
fastai_fastai.fastai,optimizer,_BaseOptimizer,param_groups,5,5,1
fastai_fastai.fastai,optimizer,Optimizer,__init__,11,2,2
fastai_fastai.fastai,optimizer,Optimizer,zero_grad,4,2,0
fastai_fastai.fastai,optimizer,Optimizer,step,5,4,1
fastai_fastai.fastai,optimizer,Optimizer,clear_state,3,2,0
fastai_fastai.fastai,optimizer,Optimizer,state_dict,3,1,0
fastai_fastai.fastai,optimizer,Optimizer,load_state_dict,5,1,1
fastai_fastai.fastai,optimizer,Lookahead,__init__,3,1,3
fastai_fastai.fastai,optimizer,Lookahead,step,10,6,1
fastai_fastai.fastai,optimizer,Lookahead,clear_state,3,1,0
fastai_fastai.fastai,optimizer,Lookahead,state_dict,4,1,0
fastai_fastai.fastai,optimizer,Lookahead,load_state_dict,4,1,1
fastai_fastai.fastai,optimizer,Lookahead,_init_state,2,1,0
fastai_fastai.fastai,optimizer,Lookahead,_copy_weights,2,1,0
fastai_fastai.fastai,optimizer,Lookahead,param_lists,2,1,0
fastai_fastai.fastai,optimizer,Lookahead,param_lists,2,1,1
fastai_fastai.fastai,optimizer,OptimWrapper,__init__,15,7,4
fastai_fastai.fastai,optimizer,OptimWrapper,hypers,2,1,0
fastai_fastai.fastai,optimizer,OptimWrapper,_set_hyper,2,2,2
fastai_fastai.fastai,optimizer,OptimWrapper,clear_state,2,1,0
fastai_fastai.fastai,optimizer,OptimWrapper,param_lists,2,1,0
fastai_fastai.fastai,optimizer,OptimWrapper,param_lists,2,2,1
fastai_fastai.fastai,optimizer,,_update,4,2,2
fastai_fastai.fastai,optimizer,,sgd_step,2,1,2
fastai_fastai.fastai,optimizer,,weight_decay,2,3,4
fastai_fastai.fastai,optimizer,,l2_reg,2,3,4
fastai_fastai.fastai,optimizer,,average_grad,5,2,4
fastai_fastai.fastai,optimizer,,average_sqr_grad,5,2,4
fastai_fastai.fastai,optimizer,,momentum_step,2,1,3
fastai_fastai.fastai,optimizer,,SGD,5,2,5
fastai_fastai.fastai,optimizer,,rms_prop_step,3,1,5
fastai_fastai.fastai,optimizer,,RMSProp,5,1,7
fastai_fastai.fastai,optimizer,,step_stat,3,1,2
fastai_fastai.fastai,optimizer,,debias,2,1,3
fastai_fastai.fastai,optimizer,,adam_step,5,1,8
fastai_fastai.fastai,optimizer,,Adam,4,1,7
fastai_fastai.fastai,optimizer,,radam_step,13,4,9
fastai_fastai.fastai,optimizer,,RAdam,4,1,8
fastai_fastai.fastai,optimizer,,qhadam_step,7,1,10
fastai_fastai.fastai,optimizer,,QHAdam,5,1,9
fastai_fastai.fastai,optimizer,,larc_layer_lr,4,1,6
fastai_fastai.fastai,optimizer,,larc_step,2,1,3
fastai_fastai.fastai,optimizer,,Larc,5,2,8
fastai_fastai.fastai,optimizer,,lamb_step,8,2,8
fastai_fastai.fastai,optimizer,,Lamb,4,1,7
fastai_fastai.fastai,optimizer,,ranger,2,1,7
fastai_fastai.fastai,optimizer,,detuplify_pg,7,4,1
fastai_fastai.fastai,optimizer,,set_item_pg,6,2,3
fastai_fastai.fastai,optimizer,,_convert_params,6,3,1
fastai_fastai.fastai,test_utils,RegModel,__init__,2,1,0
fastai_fastai.fastai,test_utils,RegModel,forward,2,1,1
fastai_fastai.fastai,test_utils,VerboseCallback,__call__,3,1,1
fastai_fastai.fastai,test_utils,,synth_dbunch,10,0,6
fastai_fastai.fastai,test_utils,,synth_learner,5,3,6
fastai_fastai.fastai,test_utils,,get_env,3,1,1
fastai_fastai.fastai,test_utils,,try_import,3,1,1
fastai_fastai.fastai,test_utils,,nvidia_smi,4,1,1
fastai_fastai.fastai,test_utils,,nvidia_mem,4,1,0
fastai_fastai.fastai,test_utils,,show_install,66,16,1
fastai_fastai.fastai,torch_core,ArrayBase,_before_cast,2,1,2
fastai_fastai.fastai,torch_core,ArrayImageBase,show,2,1,1
fastai_fastai.fastai,torch_core,TensorBase,__new__,4,2,2
fastai_fastai.fastai,torch_core,TensorBase,_before_cast,2,1,2
fastai_fastai.fastai,torch_core,TensorBase,__repr__,2,1,0
fastai_fastai.fastai,torch_core,TensorBase,__reduce_ex__,10,2,1
fastai_fastai.fastai,torch_core,TensorBase,register_func,2,1,2
fastai_fastai.fastai,torch_core,TensorBase,__torch_function__,8,8,5
fastai_fastai.fastai,torch_core,TensorBase,new_tensor,3,1,4
fastai_fastai.fastai,torch_core,TensorBase,new_ones,3,1,4
fastai_fastai.fastai,torch_core,TensorBase,new,4,1,1
fastai_fastai.fastai,torch_core,TensorBase,requires_grad_,3,1,1
fastai_fastai.fastai,torch_core,TensorBase,clone,3,1,0
fastai_fastai.fastai,torch_core,TensorBase,new_empty,7,3,1
fastai_fastai.fastai,torch_core,TensorBase,new_empty,7,3,0
fastai_fastai.fastai,torch_core,TensorImageBase,show,2,1,1
fastai_fastai.fastai,torch_core,TensorMask,show,4,2,1
fastai_fastai.fastai,torch_core,TitledTensorScalar,show,2,1,0
fastai_fastai.fastai,torch_core,Chunks,__init__,5,1,2
fastai_fastai.fastai,torch_core,Chunks,__getitem__,4,1,1
fastai_fastai.fastai,torch_core,Chunks,getslice,7,4,1
fastai_fastai.fastai,torch_core,Chunks,doc_idx,5,2,1
fastai_fastai.fastai,torch_core,ShowTitle,show,2,1,1
fastai_fastai.fastai,torch_core,TitledInt,show,2,1,1
fastai_fastai.fastai,torch_core,TitledFloat,show,2,1,1
fastai_fastai.fastai,torch_core,TitledStr,show,2,1,1
fastai_fastai.fastai,torch_core,TitledTuple,show,2,1,1
fastai_fastai.fastai,torch_core,Module,__pre_init__,2,1,0
fastai_fastai.fastai,torch_core,Module,__init__,2,1,0
fastai_fastai.fastai,torch_core,,setup_cuda,6,5,1
fastai_fastai.fastai,torch_core,,subplots,8,5,5
fastai_fastai.fastai,torch_core,,_fig_bounds,3,1,1
fastai_fastai.fastai,torch_core,,show_image,13,8,5
fastai_fastai.fastai,torch_core,,show_titled_image,2,1,1
fastai_fastai.fastai,torch_core,,show_images,5,4,4
fastai_fastai.fastai,torch_core,,__array_eq__,2,1,1
fastai_fastai.fastai,torch_core,,_array2tensor,7,5,3
fastai_fastai.fastai,torch_core,,tensor,10,2,1
fastai_fastai.fastai,torch_core,,set_seed,11,5,2
fastai_fastai.fastai,torch_core,,get_random_states,7,1,0
fastai_fastai.fastai,torch_core,,set_random_states,7,1,6
fastai_fastai.fastai,torch_core,,no_random,7,1,2
fastai_fastai.fastai,torch_core,,unsqueeze,3,2,3
fastai_fastai.fastai,torch_core,,unsqueeze_,3,2,3
fastai_fastai.fastai,torch_core,,_fa_rebuild_tensor,2,1,1
fastai_fastai.fastai,torch_core,,_fa_rebuild_qtensor,2,1,1
fastai_fastai.fastai,torch_core,,apply,5,1,2
fastai_fastai.fastai,torch_core,,maybe_gather,6,1,2
fastai_fastai.fastai,torch_core,,to_detach,7,1,3
fastai_fastai.fastai,torch_core,,to_half,2,1,1
fastai_fastai.fastai,torch_core,,to_float,2,1,1
fastai_fastai.fastai,torch_core,,_has_mps,3,1,0
fastai_fastai.fastai,torch_core,,default_device,9,6,1
fastai_fastai.fastai,torch_core,,to_device,8,2,3
fastai_fastai.fastai,torch_core,,to_cpu,2,1,1
fastai_fastai.fastai,torch_core,,to_np,2,1,1
fastai_fastai.fastai,torch_core,,to_concat,7,1,2
fastai_fastai.fastai,torch_core,,set_meta,3,2,2
fastai_fastai.fastai,torch_core,,as_subclass,2,1,1
fastai_fastai.fastai,torch_core,,_torch_handled,4,3,3
fastai_fastai.fastai,torch_core,,_rebuild_from_type,4,1,4
fastai_fastai.fastai,torch_core,,_find_args,3,2,1
fastai_fastai.fastai,torch_core,,tensored,2,1,0
fastai_fastai.fastai,torch_core,,stack,2,1,1
fastai_fastai.fastai,torch_core,,cat,2,1,1
fastai_fastai.fastai,torch_core,,concat,10,4,0
fastai_fastai.fastai,torch_core,,show_title,11,6,5
fastai_fastai.fastai,torch_core,,truncate,3,1,1
fastai_fastai.fastai,torch_core,,__init__,3,3,5
fastai_fastai.fastai,torch_core,,get_empty_df,3,1,1
fastai_fastai.fastai,torch_core,,display_df,4,2,1
fastai_fastai.fastai,torch_core,,get_first,2,1,1
fastai_fastai.fastai,torch_core,,one_param,2,1,1
fastai_fastai.fastai,torch_core,,item_find,6,1,2
fastai_fastai.fastai,torch_core,,find_device,2,1,1
fastai_fastai.fastai,torch_core,,find_bs,4,1,1
fastai_fastai.fastai,torch_core,,np_func,6,0,1
fastai_fastai.fastai,torch_core,,get_model,2,1,1
fastai_fastai.fastai,torch_core,,one_hot,5,3,2
fastai_fastai.fastai,torch_core,,one_hot_decode,2,1,2
fastai_fastai.fastai,torch_core,,params,2,1,1
fastai_fastai.fastai,torch_core,,trainable_params,2,1,1
fastai_fastai.fastai,torch_core,,norm_bias_params,5,3,2
fastai_fastai.fastai,torch_core,,batch_to_samples,5,1,2
fastai_fastai.fastai,torch_core,,interp_1d,6,1,3
fastai_fastai.fastai,torch_core,,pca,4,1,2
fastai_fastai.fastai,torch_core,,logit,3,1,1
fastai_fastai.fastai,torch_core,,num_distrib,2,1,0
fastai_fastai.fastai,torch_core,,rank_distrib,2,1,0
fastai_fastai.fastai,torch_core,,distrib_barrier,2,3,0
fastai_fastai.fastai,torch_core,,_comp_filter,2,1,2
fastai_fastai.fastai,torch_core,,save_array,3,2,4
fastai_fastai.fastai,torch_core,,load_array,2,1,1
fastai_fastai.fastai,torch_core,,base_doc,4,1,1
fastai_fastai.fastai,torch_core,,doc,5,2,1
fastai_fastai.fastai,torch_core,,nested_reorder,5,2,2
fastai_fastai.fastai,torch_core,,flatten_check,4,1,2
fastai_fastai.fastai,torch_core,,make_cross_image,10,2,1
fastai_fastai.fastai,torch_core,,show_image_batch,6,4,5
fastai_fastai.fastai,torch_core,,requires_grad,3,1,1
fastai_fastai.fastai,torch_core,,init_default,5,5,2
fastai_fastai.fastai,torch_core,,cond_init,2,3,2
fastai_fastai.fastai,torch_core,,apply_leaf,4,3,2
fastai_fastai.fastai,torch_core,,apply_init,2,1,2
fastai_fastai.fastai,torch_core,,script_use_ctx,4,0,1
fastai_fastai.fastai,torch_core,,script_save_ctx,12,2,1
fastai_fastai.fastai,torch_core,,script_fwd,2,1,0
fastai_fastai.fastai,torch_core,,script_bwd,2,1,1
fastai_fastai.fastai,torch_core,,grad_module,4,0,1
fastai_fastai.fastai,torch_core,,ismin_torch,2,1,1
fastai_fastai.fastai,torch_core,,notmax_torch,2,1,1
fastai_fastai.fastai.callback,azureml,AzureMLCallback,__init__,11,3,2
fastai_fastai.fastai.callback,azureml,AzureMLCallback,before_fit,9,2,0
fastai_fastai.fastai.callback,azureml,AzureMLCallback,after_batch,7,4,0
fastai_fastai.fastai.callback,azureml,AzureMLCallback,after_epoch,9,4,0
fastai_fastai.fastai.callback,azureml,AzureMLCallback,_log,5,4,2
fastai_fastai.fastai.callback,captum,CaptumInterpretation,__init__,5,2,7
fastai_fastai.fastai.callback,captum,CaptumInterpretation,get_baseline_img,7,4,2
fastai_fastai.fastai.callback,captum,CaptumInterpretation,visualize,8,2,7
fastai_fastai.fastai.callback,captum,CaptumInterpretation,_viz,9,1,3
fastai_fastai.fastai.callback,captum,CaptumInterpretation,_get_enc_dec_data,4,1,1
fastai_fastai.fastai.callback,captum,CaptumInterpretation,_get_attributions,17,2,7
fastai_fastai.fastai.callback,captum,,json_clean,3,1,1
fastai_fastai.fastai.callback,captum,,insights,14,3,3
fastai_fastai.fastai.callback,channelslast,ChannelsLast,before_fit,2,1,0
fastai_fastai.fastai.callback,channelslast,,to_channelslast,5,3,2
fastai_fastai.fastai.callback,channelslast,,to_contiguous,6,1,1
fastai_fastai.fastai.callback,comet,CometCallback,__init__,5,1,2
fastai_fastai.fastai.callback,comet,CometCallback,before_fit,21,6,0
fastai_fastai.fastai.callback,comet,CometCallback,after_batch,8,4,0
fastai_fastai.fastai.callback,comet,CometCallback,after_epoch,20,7,0
fastai_fastai.fastai.callback,comet,CometCallback,after_fit,5,2,0
fastai_fastai.fastai.callback,core,Callback,__init__,2,1,0
fastai_fastai.fastai.callback,core,Callback,__repr__,2,1,0
fastai_fastai.fastai.callback,core,Callback,__call__,10,9,1
fastai_fastai.fastai.callback,core,Callback,__setattr__,4,2,2
fastai_fastai.fastai.callback,core,Callback,name,2,1,0
fastai_fastai.fastai.callback,core,TrainEvalCallback,after_create,2,1,0
fastai_fastai.fastai.callback,core,TrainEvalCallback,before_fit,7,3,0
fastai_fastai.fastai.callback,core,TrainEvalCallback,after_batch,3,1,0
fastai_fastai.fastai.callback,core,TrainEvalCallback,before_train,4,1,0
fastai_fastai.fastai.callback,core,TrainEvalCallback,before_validate,3,1,0
fastai_fastai.fastai.callback,core,GatherPredsCallback,__init__,2,1,8
fastai_fastai.fastai.callback,core,GatherPredsCallback,before_batch,2,2,0
fastai_fastai.fastai.callback,core,GatherPredsCallback,before_validate,4,3,0
fastai_fastai.fastai.callback,core,GatherPredsCallback,after_batch,13,7,0
fastai_fastai.fastai.callback,core,GatherPredsCallback,after_validate,6,6,0
fastai_fastai.fastai.callback,core,GatherPredsCallback,all_tensors,5,3,0
fastai_fastai.fastai.callback,core,FetchPredsCallback,__init__,3,1,6
fastai_fastai.fastai.callback,core,FetchPredsCallback,after_validate,5,1,0
fastai_fastai.fastai.callback,data,CollectDataCallback,before_fit,2,1,0
fastai_fastai.fastai.callback,data,CollectDataCallback,after_batch,2,1,0
fastai_fastai.fastai.callback,data,WeightedDL,__init__,4,1,3
fastai_fastai.fastai.callback,data,WeightedDL,get_idxs,4,1,0
fastai_fastai.fastai.callback,data,PartialDL,__init__,3,1,3
fastai_fastai.fastai.callback,data,PartialDL,get_idxs,3,1,0
fastai_fastai.fastai.callback,data,PartialDL,__len__,3,2,0
fastai_fastai.fastai.callback,data,,weighted_dataloaders,3,1,2
fastai_fastai.fastai.callback,data,,weighted_dataloaders,5,2,4
fastai_fastai.fastai.callback,data,,partial_dataloaders,3,1,2
fastai_fastai.fastai.callback,fp16,MixedPrecision,__init__,4,1,1
fastai_fastai.fastai.callback,fp16,MixedPrecision,before_fit,11,5,0
fastai_fastai.fastai.callback,fp16,MixedPrecision,before_batch,2,1,0
fastai_fastai.fastai.callback,fp16,MixedPrecision,after_pred,2,1,0
fastai_fastai.fastai.callback,fp16,MixedPrecision,after_loss,2,1,0
fastai_fastai.fastai.callback,fp16,MixedPrecision,before_backward,2,1,0
fastai_fastai.fastai.callback,fp16,MixedPrecision,before_step,5,2,0
fastai_fastai.fastai.callback,fp16,MixedPrecision,after_step,2,1,0
fastai_fastai.fastai.callback,fp16,MixedPrecision,after_fit,2,1,0
fastai_fastai.fastai.callback,fp16,MixedPrecision,param_groups,2,1,0
fastai_fastai.fastai.callback,fp16,MixedPrecision,step,2,1,0
fastai_fastai.fastai.callback,fp16,ModelToHalf,before_fit,2,1,0
fastai_fastai.fastai.callback,fp16,ModelToHalf,after_fit,2,1,0
fastai_fastai.fastai.callback,fp16,NonNativeMixedPrecision,__init__,5,1,7
fastai_fastai.fastai.callback,fp16,NonNativeMixedPrecision,before_fit,7,3,0
fastai_fastai.fastai.callback,fp16,NonNativeMixedPrecision,before_batch,2,1,0
fastai_fastai.fastai.callback,fp16,NonNativeMixedPrecision,after_pred,2,1,0
fastai_fastai.fastai.callback,fp16,NonNativeMixedPrecision,before_backward,2,1,0
fastai_fastai.fastai.callback,fp16,NonNativeMixedPrecision,before_step,17,10,0
fastai_fastai.fastai.callback,fp16,NonNativeMixedPrecision,after_step,3,1,0
fastai_fastai.fastai.callback,fp16,NonNativeMixedPrecision,after_batch,2,2,0
fastai_fastai.fastai.callback,fp16,NonNativeMixedPrecision,after_fit,7,2,0
fastai_fastai.fastai.callback,fp16,,to_fp16,2,1,0
fastai_fastai.fastai.callback,fp16,,to_bf16,2,1,0
fastai_fastai.fastai.callback,fp16,,to_fp32,2,1,0
fastai_fastai.fastai.callback,fp16,,get_master,12,5,2
fastai_fastai.fastai.callback,fp16,,to_master_grads,3,2,3
fastai_fastai.fastai.callback,fp16,,to_model_params,3,2,3
fastai_fastai.fastai.callback,fp16,,test_overflow,3,2,1
fastai_fastai.fastai.callback,fp16,,grad_overflow,5,4,1
fastai_fastai.fastai.callback,fp16,,copy_clone,2,1,1
fastai_fastai.fastai.callback,fp16,,_copy_state,4,3,3
fastai_fastai.fastai.callback,fp16,,to_non_native_fp16,2,1,0
fastai_fastai.fastai.callback,fp16,,to_non_native_fp32,2,1,0
fastai_fastai.fastai.callback,hook,Hook,__init__,5,1,6
fastai_fastai.fastai.callback,hook,Hook,hook_fn,4,2,3
fastai_fastai.fastai.callback,hook,Hook,remove,4,2,0
fastai_fastai.fastai.callback,hook,Hook,__enter__,2,1,0
fastai_fastai.fastai.callback,hook,Hook,__exit__,2,1,0
fastai_fastai.fastai.callback,hook,Hooks,__init__,2,1,5
fastai_fastai.fastai.callback,hook,Hooks,__getitem__,2,1,1
fastai_fastai.fastai.callback,hook,Hooks,__len__,2,1,0
fastai_fastai.fastai.callback,hook,Hooks,__iter__,2,1,0
fastai_fastai.fastai.callback,hook,Hooks,stored,2,1,0
fastai_fastai.fastai.callback,hook,Hooks,remove,2,2,0
fastai_fastai.fastai.callback,hook,Hooks,__enter__,2,1,0
fastai_fastai.fastai.callback,hook,Hooks,__exit__,2,1,0
fastai_fastai.fastai.callback,hook,HookCallback,__init__,3,1,7
fastai_fastai.fastai.callback,hook,HookCallback,before_fit,3,4,0
fastai_fastai.fastai.callback,hook,HookCallback,before_batch,3,4,0
fastai_fastai.fastai.callback,hook,HookCallback,after_batch,3,4,0
fastai_fastai.fastai.callback,hook,HookCallback,after_fit,2,2,0
fastai_fastai.fastai.callback,hook,HookCallback,_register,2,1,0
fastai_fastai.fastai.callback,hook,HookCallback,_remove,2,2,0
fastai_fastai.fastai.callback,hook,HookCallback,__del__,2,1,0
fastai_fastai.fastai.callback,hook,ActivationStats,__init__,3,1,1
fastai_fastai.fastai.callback,hook,ActivationStats,before_fit,3,1,0
fastai_fastai.fastai.callback,hook,ActivationStats,hook,7,2,3
fastai_fastai.fastai.callback,hook,ActivationStats,hook_multi_ouput,6,3,1
fastai_fastai.fastai.callback,hook,ActivationStats,_flatten_tuple,6,3,1
fastai_fastai.fastai.callback,hook,ActivationStats,after_batch,3,4,0
fastai_fastai.fastai.callback,hook,ActivationStats,layer_stats,3,1,1
fastai_fastai.fastai.callback,hook,ActivationStats,hist,3,1,1
fastai_fastai.fastai.callback,hook,ActivationStats,color_dim,5,2,3
fastai_fastai.fastai.callback,hook,ActivationStats,plot_layer_stats,5,2,1
fastai_fastai.fastai.callback,hook,,_hook_inner,2,2,3
fastai_fastai.fastai.callback,hook,,hook_output,2,1,4
fastai_fastai.fastai.callback,hook,,hook_outputs,2,1,4
fastai_fastai.fastai.callback,hook,,dummy_eval,4,1,2
fastai_fastai.fastai.callback,hook,,model_sizes,4,1,2
fastai_fastai.fastai.callback,hook,,num_features_model,9,4,1
fastai_fastai.fastai.callback,hook,,has_params,2,1,1
fastai_fastai.fastai.callback,hook,,total_params,4,1,1
fastai_fastai.fastai.callback,hook,,layer_info,14,2,1
fastai_fastai.fastai.callback,hook,,_get_shapes,3,1,2
fastai_fastai.fastai.callback,hook,,_print_shapes,4,1,2
fastai_fastai.fastai.callback,hook,,module_summary,27,8,1
fastai_fastai.fastai.callback,hook,,summary,8,2,0
fastai_fastai.fastai.callback,mixup,MixHandler,__init__,2,1,1
fastai_fastai.fastai.callback,mixup,MixHandler,before_train,3,2,0
fastai_fastai.fastai.callback,mixup,MixHandler,after_train,2,2,0
fastai_fastai.fastai.callback,mixup,MixHandler,after_cancel_train,2,1,0
fastai_fastai.fastai.callback,mixup,MixHandler,after_cancel_fit,2,1,0
fastai_fastai.fastai.callback,mixup,MixHandler,lf,5,1,1
fastai_fastai.fastai.callback,mixup,MixUp,__init__,2,1,1
fastai_fastai.fastai.callback,mixup,MixUp,before_batch,11,2,0
fastai_fastai.fastai.callback,mixup,CutMix,__init__,2,1,1
fastai_fastai.fastai.callback,mixup,CutMix,before_batch,11,2,0
fastai_fastai.fastai.callback,mixup,CutMix,rand_bbox,11,1,3
fastai_fastai.fastai.callback,mixup,,reduce_loss,2,1,2
fastai_fastai.fastai.callback,preds,MCDropoutCallback,before_validate,3,2,0
fastai_fastai.fastai.callback,preds,MCDropoutCallback,after_validate,3,2,0
fastai_fastai.fastai.callback,progress,ProgressCallback,before_fit,7,3,0
fastai_fastai.fastai.callback,progress,ProgressCallback,before_epoch,2,2,0
fastai_fastai.fastai.callback,progress,ProgressCallback,before_train,2,1,0
fastai_fastai.fastai.callback,progress,ProgressCallback,before_validate,2,1,0
fastai_fastai.fastai.callback,progress,ProgressCallback,after_train,2,1,0
fastai_fastai.fastai.callback,progress,ProgressCallback,after_validate,2,1,0
fastai_fastai.fastai.callback,progress,ProgressCallback,after_batch,3,2,0
fastai_fastai.fastai.callback,progress,ProgressCallback,_launch_pbar,3,1,0
fastai_fastai.fastai.callback,progress,ProgressCallback,after_fit,5,3,0
fastai_fastai.fastai.callback,progress,ProgressCallback,_write_stats,2,2,1
fastai_fastai.fastai.callback,progress,ShowGraphCallback,before_fit,5,3,0
fastai_fastai.fastai.callback,progress,ShowGraphCallback,after_train,2,1,0
fastai_fastai.fastai.callback,progress,ShowGraphCallback,after_epoch,8,2,0
fastai_fastai.fastai.callback,progress,CSVLogger,__init__,2,1,2
fastai_fastai.fastai.callback,progress,CSVLogger,read_log,2,1,0
fastai_fastai.fastai.callback,progress,CSVLogger,before_fit,6,2,0
fastai_fastai.fastai.callback,progress,CSVLogger,_write_line,5,1,1
fastai_fastai.fastai.callback,progress,CSVLogger,after_fit,4,2,0
fastai_fastai.fastai.callback,progress,,no_bar,6,3,0
fastai_fastai.fastai.callback,rnn,ModelResetter,before_train,2,1,0
fastai_fastai.fastai.callback,rnn,ModelResetter,before_validate,2,1,0
fastai_fastai.fastai.callback,rnn,ModelResetter,after_fit,2,1,0
fastai_fastai.fastai.callback,rnn,RNNCallback,after_pred,2,1,0
fastai_fastai.fastai.callback,rnn,RNNRegularizer,__init__,2,1,2
fastai_fastai.fastai.callback,rnn,RNNRegularizer,after_loss,6,5,0
fastai_fastai.fastai.callback,rnn,,rnn_cbs,3,2,2
fastai_fastai.fastai.callback,schedule,_Annealer,__init__,2,1,3
fastai_fastai.fastai.callback,schedule,_Annealer,__call__,2,1,1
fastai_fastai.fastai.callback,schedule,ParamScheduler,__init__,2,1,1
fastai_fastai.fastai.callback,schedule,ParamScheduler,before_fit,2,1,0
fastai_fastai.fastai.callback,schedule,ParamScheduler,before_batch,2,1,0
fastai_fastai.fastai.callback,schedule,ParamScheduler,_update_val,2,2,1
fastai_fastai.fastai.callback,schedule,ParamScheduler,after_batch,2,2,0
fastai_fastai.fastai.callback,schedule,ParamScheduler,after_fit,2,3,0
fastai_fastai.fastai.callback,schedule,LRFinder,__init__,5,2,4
fastai_fastai.fastai.callback,schedule,LRFinder,before_fit,8,1,0
fastai_fastai.fastai.callback,schedule,LRFinder,before_batch,2,1,0
fastai_fastai.fastai.callback,schedule,LRFinder,after_batch,5,5,0
fastai_fastai.fastai.callback,schedule,LRFinder,before_validate,2,1,0
fastai_fastai.fastai.callback,schedule,LRFinder,after_fit,6,2,0
fastai_fastai.fastai.callback,schedule,,annealer,3,0,1
fastai_fastai.fastai.callback,schedule,,sched_lin,2,1,3
fastai_fastai.fastai.callback,schedule,,sched_cos,2,1,3
fastai_fastai.fastai.callback,schedule,,sched_no,2,1,3
fastai_fastai.fastai.callback,schedule,,sched_exp,2,1,3
fastai_fastai.fastai.callback,schedule,,SchedLin,2,1,2
fastai_fastai.fastai.callback,schedule,,SchedCos,2,1,2
fastai_fastai.fastai.callback,schedule,,SchedNo,2,1,2
fastai_fastai.fastai.callback,schedule,,SchedExp,2,1,2
fastai_fastai.fastai.callback,schedule,,SchedPoly,3,0,3
fastai_fastai.fastai.callback,schedule,,combine_scheds,11,0,2
fastai_fastai.fastai.callback,schedule,,combined_cos,2,1,4
fastai_fastai.fastai.callback,schedule,,fit_one_cycle,7,2,10
fastai_fastai.fastai.callback,schedule,,plot_sched,9,3,2
fastai_fastai.fastai.callback,schedule,,fit_flat_cos,6,2,8
fastai_fastai.fastai.callback,schedule,,fit_sgdr,9,2,8
fastai_fastai.fastai.callback,schedule,,fine_tune,6,1,6
fastai_fastai.fastai.callback,schedule,,valley,14,6,3
fastai_fastai.fastai.callback,schedule,,slide,13,3,6
fastai_fastai.fastai.callback,schedule,,minimum,4,1,3
fastai_fastai.fastai.callback,schedule,,steep,5,1,3
fastai_fastai.fastai.callback,schedule,,plot_lr_find,13,3,4
fastai_fastai.fastai.callback,schedule,,lr_find,25,7,6
fastai_fastai.fastai.callback,tensorboard,TensorBoardBaseCallback,__init__,2,1,0
fastai_fastai.fastai.callback,tensorboard,TensorBoardBaseCallback,after_pred,2,2,0
fastai_fastai.fastai.callback,tensorboard,TensorBoardBaseCallback,after_validate,5,2,0
fastai_fastai.fastai.callback,tensorboard,TensorBoardBaseCallback,after_fit,2,2,0
fastai_fastai.fastai.callback,tensorboard,TensorBoardBaseCallback,_setup_projector,4,1,0
fastai_fastai.fastai.callback,tensorboard,TensorBoardBaseCallback,_setup_writer,2,1,0
fastai_fastai.fastai.callback,tensorboard,TensorBoardBaseCallback,__del__,2,1,0
fastai_fastai.fastai.callback,tensorboard,TensorBoardBaseCallback,_remove,2,2,0
fastai_fastai.fastai.callback,tensorboard,TensorBoardCallback,__init__,3,1,6
fastai_fastai.fastai.callback,tensorboard,TensorBoardCallback,before_fit,10,5,0
fastai_fastai.fastai.callback,tensorboard,TensorBoardCallback,after_batch,4,3,0
fastai_fastai.fastai.callback,tensorboard,TensorBoardCallback,after_epoch,10,3,0
fastai_fastai.fastai.callback,tensorboard,TensorBoardCallback,before_validate,2,2,0
fastai_fastai.fastai.callback,tensorboard,TensorBoardProjectorCallback,__init__,3,1,2
fastai_fastai.fastai.callback,tensorboard,TensorBoardProjectorCallback,before_fit,4,3,0
fastai_fastai.fastai.callback,tensorboard,TensorBoardProjectorCallback,before_validate,2,1,0
fastai_fastai.fastai.callback,tensorboard,,_write_projector_embedding,4,1,3
fastai_fastai.fastai.callback,tensorboard,,_add_projector_features,8,2,3
fastai_fastai.fastai.callback,tensorboard,,_get_embeddings,3,1,2
fastai_fastai.fastai.callback,tensorboard,,_normalize_for_projector,8,1,1
fastai_fastai.fastai.callback,tensorboard,,projector_word_embeddings,12,4,6
fastai_fastai.fastai.callback,tensorboard,,tensorboard_log,7,2,6
fastai_fastai.fastai.callback,tensorboard,,tensorboard_log,7,3,6
fastai_fastai.fastai.callback,tracker,TerminateOnNaNCallback,after_batch,2,3,0
fastai_fastai.fastai.callback,tracker,TrackerCallback,__init__,4,4,4
fastai_fastai.fastai.callback,tracker,TrackerCallback,before_fit,5,4,0
fastai_fastai.fastai.callback,tracker,TrackerCallback,after_epoch,4,2,0
fastai_fastai.fastai.callback,tracker,TrackerCallback,after_fit,2,1,0
fastai_fastai.fastai.callback,tracker,EarlyStoppingCallback,__init__,3,1,5
fastai_fastai.fastai.callback,tracker,EarlyStoppingCallback,before_fit,3,1,0
fastai_fastai.fastai.callback,tracker,EarlyStoppingCallback,after_epoch,8,3,0
fastai_fastai.fastai.callback,tracker,SaveModelCallback,__init__,5,2,8
fastai_fastai.fastai.callback,tracker,SaveModelCallback,_save,2,1,1
fastai_fastai.fastai.callback,tracker,SaveModelCallback,after_epoch,8,4,0
fastai_fastai.fastai.callback,tracker,SaveModelCallback,after_fit,3,3,0
fastai_fastai.fastai.callback,tracker,ReduceLROnPlateau,__init__,3,1,7
fastai_fastai.fastai.callback,tracker,ReduceLROnPlateau,before_fit,3,1,0
fastai_fastai.fastai.callback,tracker,ReduceLROnPlateau,after_epoch,11,5,0
fastai_fastai.fastai.callback,training,ShortEpochCallback,__init__,2,1,2
fastai_fastai.fastai.callback,training,ShortEpochCallback,after_batch,4,4,0
fastai_fastai.fastai.callback,training,GradientAccumulation,__init__,2,1,1
fastai_fastai.fastai.callback,training,GradientAccumulation,before_fit,2,1,0
fastai_fastai.fastai.callback,training,GradientAccumulation,after_loss,2,1,0
fastai_fastai.fastai.callback,training,GradientAccumulation,before_step,5,2,0
fastai_fastai.fastai.callback,training,GradientClip,__init__,2,1,2
fastai_fastai.fastai.callback,training,GradientClip,before_step,2,1,0
fastai_fastai.fastai.callback,training,BnFreeze,before_train,2,1,0
fastai_fastai.fastai.callback,training,,set_bn_eval,6,5,2
fastai_fastai.fastai.callback,wandb,WandbCallback,__init__,2,1,11
fastai_fastai.fastai.callback,wandb,WandbCallback,after_create,9,4,0
fastai_fastai.fastai.callback,wandb,WandbCallback,before_fit,47,14,0
fastai_fastai.fastai.callback,wandb,WandbCallback,before_batch,2,1,0
fastai_fastai.fastai.callback,wandb,WandbCallback,after_batch,8,2,0
fastai_fastai.fastai.callback,wandb,WandbCallback,log_predictions,10,2,0
fastai_fastai.fastai.callback,wandb,WandbCallback,after_epoch,6,3,0
fastai_fastai.fastai.callback,wandb,WandbCallback,after_fit,13,6,0
fastai_fastai.fastai.callback,wandb,,gather_args,21,2,0
fastai_fastai.fastai.callback,wandb,,_make_plt,9,1,1
fastai_fastai.fastai.callback,wandb,,_format_config_value,6,1,1
fastai_fastai.fastai.callback,wandb,,_format_config,7,3,1
fastai_fastai.fastai.callback,wandb,,_format_metadata,2,2,1
fastai_fastai.fastai.callback,wandb,,log_dataset,14,6,4
fastai_fastai.fastai.callback,wandb,,log_model,12,3,4
fastai_fastai.fastai.callback,wandb,,wandb_process,13,3,5
fastai_fastai.fastai.callback,wandb,,_unlist,4,2,1
fastai_fastai.fastai.callback,wandb,,wandb_process,5,2,5
fastai_fastai.fastai.callback,wandb,,wandb_process,15,3,5
fastai_fastai.fastai.callback,wandb,,wandb_process,3,1,5
fastai_fastai.fastai.callback,wandb,,wandb_process,4,2,5
fastai_fastai.fastai.data,block,TransformBlock,__init__,5,1,5
fastai_fastai.fastai.data,block,DataBlock,__init__,24,9,6
fastai_fastai.fastai.data,block,DataBlock,_combine_type_tfms,3,1,0
fastai_fastai.fastai.data,block,DataBlock,new,4,1,2
fastai_fastai.fastai.data,block,DataBlock,from_columns,4,2,4
fastai_fastai.fastai.data,block,DataBlock,datasets,8,3,2
fastai_fastai.fastai.data,block,DataBlock,dataloaders,4,1,3
fastai_fastai.fastai.data,block,,CategoryBlock,2,1,3
fastai_fastai.fastai.data,block,,MultiCategoryBlock,3,1,3
fastai_fastai.fastai.data,block,,RegressionBlock,2,1,1
fastai_fastai.fastai.data,block,,_merge_grouper,5,2,1
fastai_fastai.fastai.data,block,,_merge_tfms,3,1,0
fastai_fastai.fastai.data,block,,_zip,2,1,1
fastai_fastai.fastai.data,block,,_short_repr,6,2,1
fastai_fastai.fastai.data,block,,_apply_pipeline,11,4,2
fastai_fastai.fastai.data,block,,_find_fail_collate,9,4,1
fastai_fastai.fastai.data,block,,summary,36,7,3
fastai_fastai.fastai.data,core,TfmdDL,__init__,8,5,6
fastai_fastai.fastai.data,core,TfmdDL,_one_pass,6,3,0
fastai_fastai.fastai.data,core,TfmdDL,_retain_dl,3,2,1
fastai_fastai.fastai.data,core,TfmdDL,new,11,4,2
fastai_fastai.fastai.data,core,TfmdDL,before_iter,6,3,0
fastai_fastai.fastai.data,core,TfmdDL,decode,2,1,1
fastai_fastai.fastai.data,core,TfmdDL,decode_batch,2,1,3
fastai_fastai.fastai.data,core,TfmdDL,_decode_batch,5,1,3
fastai_fastai.fastai.data,core,TfmdDL,_pre_show_batch,6,2,2
fastai_fastai.fastai.data,core,TfmdDL,show_batch,8,5,5
fastai_fastai.fastai.data,core,TfmdDL,show_results,7,2,5
fastai_fastai.fastai.data,core,TfmdDL,n_inp,4,2,0
fastai_fastai.fastai.data,core,DataLoaders,__init__,3,4,0
fastai_fastai.fastai.data,core,DataLoaders,__getitem__,2,1,1
fastai_fastai.fastai.data,core,DataLoaders,__len__,2,1,0
fastai_fastai.fastai.data,core,DataLoaders,new_empty,3,1,0
fastai_fastai.fastai.data,core,DataLoaders,_set,2,1,2
fastai_fastai.fastai.data,core,DataLoaders,device,2,1,0
fastai_fastai.fastai.data,core,DataLoaders,device,3,2,1
fastai_fastai.fastai.data,core,DataLoaders,to,3,1,1
fastai_fastai.fastai.data,core,DataLoaders,_add_tfms,4,2,3
fastai_fastai.fastai.data,core,DataLoaders,add_tfms,5,4,3
fastai_fastai.fastai.data,core,DataLoaders,cuda,2,1,0
fastai_fastai.fastai.data,core,DataLoaders,cpu,2,1,0
fastai_fastai.fastai.data,core,DataLoaders,from_dsets,7,1,1
fastai_fastai.fastai.data,core,DataLoaders,from_dblock,2,1,8
fastai_fastai.fastai.data,core,FilteredBase,__init__,4,2,0
fastai_fastai.fastai.data,core,FilteredBase,n_subsets,2,1,0
fastai_fastai.fastai.data,core,FilteredBase,_new,2,1,1
fastai_fastai.fastai.data,core,FilteredBase,subset,2,1,0
fastai_fastai.fastai.data,core,FilteredBase,dataloaders,15,6,11
fastai_fastai.fastai.data,core,TfmdLists,__init__,11,5,10
fastai_fastai.fastai.data,core,TfmdLists,_new,6,2,2
fastai_fastai.fastai.data,core,TfmdLists,subset,2,1,1
fastai_fastai.fastai.data,core,TfmdLists,_after_item,2,1,1
fastai_fastai.fastai.data,core,TfmdLists,__repr__,2,1,0
fastai_fastai.fastai.data,core,TfmdLists,__iter__,2,1,0
fastai_fastai.fastai.data,core,TfmdLists,show,2,1,1
fastai_fastai.fastai.data,core,TfmdLists,decode,2,1,1
fastai_fastai.fastai.data,core,TfmdLists,__call__,2,1,1
fastai_fastai.fastai.data,core,TfmdLists,overlapping_splits,2,1,0
fastai_fastai.fastai.data,core,TfmdLists,new_empty,2,1,0
fastai_fastai.fastai.data,core,TfmdLists,setup,11,3,1
fastai_fastai.fastai.data,core,TfmdLists,infer_idx,9,3,1
fastai_fastai.fastai.data,core,TfmdLists,infer,2,1,1
fastai_fastai.fastai.data,core,TfmdLists,__getitem__,4,1,1
fastai_fastai.fastai.data,core,Datasets,__init__,4,1,5
fastai_fastai.fastai.data,core,Datasets,__getitem__,3,1,1
fastai_fastai.fastai.data,core,Datasets,__getattr__,2,1,1
fastai_fastai.fastai.data,core,Datasets,__dir__,2,1,0
fastai_fastai.fastai.data,core,Datasets,__len__,2,1,0
fastai_fastai.fastai.data,core,Datasets,__iter__,2,1,0
fastai_fastai.fastai.data,core,Datasets,__repr__,2,1,0
fastai_fastai.fastai.data,core,Datasets,decode,2,1,2
fastai_fastai.fastai.data,core,Datasets,subset,2,1,1
fastai_fastai.fastai.data,core,Datasets,_new,2,1,1
fastai_fastai.fastai.data,core,Datasets,overlapping_splits,2,1,0
fastai_fastai.fastai.data,core,Datasets,new_empty,2,1,0
fastai_fastai.fastai.data,core,Datasets,splits,2,1,0
fastai_fastai.fastai.data,core,Datasets,split_idx,2,1,0
fastai_fastai.fastai.data,core,Datasets,items,2,1,0
fastai_fastai.fastai.data,core,Datasets,items,2,2,1
fastai_fastai.fastai.data,core,Datasets,show,3,2,2
fastai_fastai.fastai.data,core,Datasets,set_split_idx,6,3,1
fastai_fastai.fastai.data,core,,show_batch,8,4,5
fastai_fastai.fastai.data,core,,show_results,7,4,6
fastai_fastai.fastai.data,core,,decode_at,2,1,2
fastai_fastai.fastai.data,core,,show_at,3,1,2
fastai_fastai.fastai.data,core,,test_set,14,5,4
fastai_fastai.fastai.data,core,,test_dl,4,1,3
fastai_fastai.fastai.data,external,URLs,path,5,1,2
fastai_fastai.fastai.data,external,,fastai_cfg,3,1,0
fastai_fastai.fastai.data,external,,fastai_path,2,1,1
fastai_fastai.fastai.data,external,,untar_data,3,1,6
fastai_fastai.fastai.data,load,_FakeLoader,_fn_noops,2,1,1
fastai_fastai.fastai.data,load,_FakeLoader,__init__,3,1,6
fastai_fastai.fastai.data,load,_FakeLoader,__iter__,2,1,0
fastai_fastai.fastai.data,load,_FakeLoader,multiprocessing_context,2,1,0
fastai_fastai.fastai.data,load,_FakeLoader,no_multiproc,6,1,0
fastai_fastai.fastai.data,load,DataLoader,__init__,15,13,13
fastai_fastai.fastai.data,load,DataLoader,__len__,4,3,0
fastai_fastai.fastai.data,load,DataLoader,get_idxs,5,3,0
fastai_fastai.fastai.data,load,DataLoader,sample,2,2,0
fastai_fastai.fastai.data,load,DataLoader,__iter__,11,6,0
fastai_fastai.fastai.data,load,DataLoader,create_batches,4,2,1
fastai_fastai.fastai.data,load,DataLoader,new,9,5,2
fastai_fastai.fastai.data,load,DataLoader,device,2,1,0
fastai_fastai.fastai.data,load,DataLoader,device,9,8,1
fastai_fastai.fastai.data,load,DataLoader,prebatched,2,1,0
fastai_fastai.fastai.data,load,DataLoader,do_item,3,1,1
fastai_fastai.fastai.data,load,DataLoader,chunkify,2,1,1
fastai_fastai.fastai.data,load,DataLoader,shuffle_fn,2,1,1
fastai_fastai.fastai.data,load,DataLoader,randomize,2,1,0
fastai_fastai.fastai.data,load,DataLoader,retain,2,1,2
fastai_fastai.fastai.data,load,DataLoader,create_item,4,3,1
fastai_fastai.fastai.data,load,DataLoader,create_batch,5,3,1
fastai_fastai.fastai.data,load,DataLoader,do_batch,2,1,1
fastai_fastai.fastai.data,load,DataLoader,to,2,1,1
fastai_fastai.fastai.data,load,DataLoader,one_batch,5,4,0
fastai_fastai.fastai.data,load,,_wif,7,1,1
fastai_fastai.fastai.data,load,,fa_collate,5,1,1
fastai_fastai.fastai.data,load,,fa_convert,4,1,1
fastai_fastai.fastai.data,load,,collate_error,12,6,2
fastai_fastai.fastai.data,transforms,ItemGetter,__init__,2,1,1
fastai_fastai.fastai.data,transforms,ItemGetter,encodes,2,1,1
fastai_fastai.fastai.data,transforms,AttrGetter,__init__,2,1,2
fastai_fastai.fastai.data,transforms,AttrGetter,encodes,2,1,1
fastai_fastai.fastai.data,transforms,RegexLabeller,__init__,3,1,2
fastai_fastai.fastai.data,transforms,RegexLabeller,__call__,5,1,1
fastai_fastai.fastai.data,transforms,ColReader,__init__,4,1,4
fastai_fastai.fastai.data,transforms,ColReader,_do_one,5,3,2
fastai_fastai.fastai.data,transforms,ColReader,__call__,3,1,1
fastai_fastai.fastai.data,transforms,CategoryMap,__init__,12,6,4
fastai_fastai.fastai.data,transforms,CategoryMap,map_objs,2,1,1
fastai_fastai.fastai.data,transforms,CategoryMap,map_ids,2,1,1
fastai_fastai.fastai.data,transforms,CategoryMap,__eq__,2,1,1
fastai_fastai.fastai.data,transforms,Categorize,__init__,3,2,3
fastai_fastai.fastai.data,transforms,Categorize,setups,3,3,1
fastai_fastai.fastai.data,transforms,Categorize,encodes,5,2,1
fastai_fastai.fastai.data,transforms,Categorize,decodes,2,1,1
fastai_fastai.fastai.data,transforms,MultiCategorize,__init__,2,1,2
fastai_fastai.fastai.data,transforms,MultiCategorize,setups,6,4,1
fastai_fastai.fastai.data,transforms,MultiCategorize,encodes,6,2,1
fastai_fastai.fastai.data,transforms,MultiCategorize,decodes,2,1,1
fastai_fastai.fastai.data,transforms,MultiCategory,show,2,1,3
fastai_fastai.fastai.data,transforms,OneHotEncode,__init__,2,1,1
fastai_fastai.fastai.data,transforms,OneHotEncode,setups,3,3,1
fastai_fastai.fastai.data,transforms,OneHotEncode,encodes,2,1,1
fastai_fastai.fastai.data,transforms,OneHotEncode,decodes,2,1,1
fastai_fastai.fastai.data,transforms,EncodedMultiCategorize,__init__,3,1,1
fastai_fastai.fastai.data,transforms,EncodedMultiCategorize,encodes,2,1,1
fastai_fastai.fastai.data,transforms,EncodedMultiCategorize,decodes,2,1,1
fastai_fastai.fastai.data,transforms,RegressionSetup,__init__,2,1,1
fastai_fastai.fastai.data,transforms,RegressionSetup,encodes,2,1,1
fastai_fastai.fastai.data,transforms,RegressionSetup,decodes,2,1,1
fastai_fastai.fastai.data,transforms,RegressionSetup,setups,4,3,1
fastai_fastai.fastai.data,transforms,IntToFloatTensor,__init__,2,1,2
fastai_fastai.fastai.data,transforms,IntToFloatTensor,encodes,2,1,1
fastai_fastai.fastai.data,transforms,IntToFloatTensor,encodes,2,1,1
fastai_fastai.fastai.data,transforms,IntToFloatTensor,decodes,2,1,1
fastai_fastai.fastai.data,transforms,Normalize,__init__,2,1,3
fastai_fastai.fastai.data,transforms,Normalize,from_stats,2,1,6
fastai_fastai.fastai.data,transforms,Normalize,setups,4,3,1
fastai_fastai.fastai.data,transforms,Normalize,encodes,2,1,1
fastai_fastai.fastai.data,transforms,Normalize,decodes,3,1,1
fastai_fastai.fastai.data,transforms,,_get_files,5,3,3
fastai_fastai.fastai.data,transforms,,get_files,16,7,5
fastai_fastai.fastai.data,transforms,,FileGetter,4,0,4
fastai_fastai.fastai.data,transforms,,get_image_files,2,1,3
fastai_fastai.fastai.data,transforms,,ImageGetter,3,0,3
fastai_fastai.fastai.data,transforms,,get_text_files,2,1,3
fastai_fastai.fastai.data,transforms,,RandomSplitter,7,1,2
fastai_fastai.fastai.data,transforms,,TrainTestSplitter,6,0,5
fastai_fastai.fastai.data,transforms,,IndexSplitter,5,0,1
fastai_fastai.fastai.data,transforms,,EndSplitter,7,0,2
fastai_fastai.fastai.data,transforms,,_grandparent_idxs,3,0,2
fastai_fastai.fastai.data,transforms,,GrandparentSplitter,4,0,2
fastai_fastai.fastai.data,transforms,,FuncSplitter,5,0,1
fastai_fastai.fastai.data,transforms,,MaskSplitter,3,0,1
fastai_fastai.fastai.data,transforms,,FileSplitter,5,-1,1
fastai_fastai.fastai.data,transforms,,ColSplitter,9,2,2
fastai_fastai.fastai.data,transforms,,RandomSubsetSplitter,10,1,3
fastai_fastai.fastai.data,transforms,,parent_label,2,1,1
fastai_fastai.fastai.data,transforms,,get_c,7,3,1
fastai_fastai.fastai.data,transforms,,broadcast_vec,5,1,2
fastai_fastai.fastai.medical,imaging,PILDicom,create,6,3,3
fastai_fastai.fastai.medical,imaging,DicomSegmentationDataLoaders,from_label_func,8,1,9
fastai_fastai.fastai.medical,imaging,,get_dicom_files,2,1,3
fastai_fastai.fastai.medical,imaging,,dcmread,2,1,2
fastai_fastai.fastai.medical,imaging,,png16read,2,1,0
fastai_fastai.fastai.medical,imaging,,pixels,2,1,0
fastai_fastai.fastai.medical,imaging,,scaled_px,5,2,0
fastai_fastai.fastai.medical,imaging,,array_freqhist_bins,7,1,1
fastai_fastai.fastai.medical,imaging,,freqhist_bins,7,1,1
fastai_fastai.fastai.medical,imaging,,hist_scaled_pt,5,2,1
fastai_fastai.fastai.medical,imaging,,hist_scaled,7,2,1
fastai_fastai.fastai.medical,imaging,,hist_scaled,5,3,3
fastai_fastai.fastai.medical,imaging,,windowed,7,1,2
fastai_fastai.fastai.medical,imaging,,windowed,2,1,2
fastai_fastai.fastai.medical,imaging,,show,6,1,4
fastai_fastai.fastai.medical,imaging,,show,11,3,5
fastai_fastai.fastai.medical,imaging,,pct_in_window,3,1,3
fastai_fastai.fastai.medical,imaging,,uniform_blur2d,6,1,2
fastai_fastai.fastai.medical,imaging,,gauss_blur2d,5,1,2
fastai_fastai.fastai.medical,imaging,,mask_from_blur,4,2,5
fastai_fastai.fastai.medical,imaging,,mask_from_blur,2,1,5
fastai_fastai.fastai.medical,imaging,,_px_bounds,9,1,2
fastai_fastai.fastai.medical,imaging,,mask2bbox,7,2,1
fastai_fastai.fastai.medical,imaging,,_bbs2sizes,8,2,3
fastai_fastai.fastai.medical,imaging,,crop_resize,10,2,3
fastai_fastai.fastai.medical,imaging,,to_nchan,5,3,3
fastai_fastai.fastai.medical,imaging,,to_nchan,2,1,3
fastai_fastai.fastai.medical,imaging,,to_3chan,2,1,4
fastai_fastai.fastai.medical,imaging,,to_3chan,2,1,4
fastai_fastai.fastai.medical,imaging,,save_jpg,5,1,5
fastai_fastai.fastai.medical,imaging,,to_uint16,3,1,2
fastai_fastai.fastai.medical,imaging,,save_tif16,3,1,4
fastai_fastai.fastai.medical,imaging,,set_pixels,3,1,1
fastai_fastai.fastai.medical,imaging,,zoom,4,1,1
fastai_fastai.fastai.medical,imaging,,zoom_to,4,2,1
fastai_fastai.fastai.medical,imaging,,shape,2,1,0
fastai_fastai.fastai.medical,imaging,,_cast_dicom_special,5,1,1
fastai_fastai.fastai.medical,imaging,,_split_elem,10,4,1
fastai_fastai.fastai.medical,imaging,,as_dict,15,4,2
fastai_fastai.fastai.medical,imaging,,_dcm2dict,2,1,3
fastai_fastai.fastai.medical,imaging,,_from_dicoms,2,1,3
fastai_fastai.fastai.tabular,core,_TabIloc,__init__,2,1,1
fastai_fastai.fastai.tabular,core,_TabIloc,__getitem__,7,2,1
fastai_fastai.fastai.tabular,core,Tabular,__init__,20,13,11
fastai_fastai.fastai.tabular,core,Tabular,new,3,1,2
fastai_fastai.fastai.tabular,core,Tabular,subset,2,1,1
fastai_fastai.fastai.tabular,core,Tabular,copy,3,1,0
fastai_fastai.fastai.tabular,core,Tabular,decode,2,1,0
fastai_fastai.fastai.tabular,core,Tabular,decode_row,2,1,1
fastai_fastai.fastai.tabular,core,Tabular,show,2,1,1
fastai_fastai.fastai.tabular,core,Tabular,setup,2,1,0
fastai_fastai.fastai.tabular,core,Tabular,process,2,1,0
fastai_fastai.fastai.tabular,core,Tabular,loc,2,1,0
fastai_fastai.fastai.tabular,core,Tabular,iloc,2,1,0
fastai_fastai.fastai.tabular,core,Tabular,targ,2,1,0
fastai_fastai.fastai.tabular,core,Tabular,x_names,2,1,0
fastai_fastai.fastai.tabular,core,Tabular,n_subsets,2,1,0
fastai_fastai.fastai.tabular,core,Tabular,y,2,1,0
fastai_fastai.fastai.tabular,core,Tabular,new_empty,2,1,0
fastai_fastai.fastai.tabular,core,Tabular,to_device,3,1,1
fastai_fastai.fastai.tabular,core,Tabular,all_col_names,3,1,0
fastai_fastai.fastai.tabular,core,TabularPandas,transform,3,3,3
fastai_fastai.fastai.tabular,core,TabularProc,setup,3,1,2
fastai_fastai.fastai.tabular,core,TabularProc,name,2,1,0
fastai_fastai.fastai.tabular,core,Categorify,setups,2,1,1
fastai_fastai.fastai.tabular,core,Categorify,encodes,2,1,1
fastai_fastai.fastai.tabular,core,Categorify,decodes,2,1,1
fastai_fastai.fastai.tabular,core,Categorify,__getitem__,2,1,1
fastai_fastai.fastai.tabular,core,FillStrategy,median,2,1,2
fastai_fastai.fastai.tabular,core,FillStrategy,constant,2,1,2
fastai_fastai.fastai.tabular,core,FillStrategy,mode,2,1,2
fastai_fastai.fastai.tabular,core,FillMissing,__init__,3,2,3
fastai_fastai.fastai.tabular,core,FillMissing,setups,5,1,1
fastai_fastai.fastai.tabular,core,FillMissing,encodes,9,5,1
fastai_fastai.fastai.tabular,core,ReadTabBatch,__init__,2,1,1
fastai_fastai.fastai.tabular,core,ReadTabBatch,encodes,7,4,1
fastai_fastai.fastai.tabular,core,ReadTabBatch,decodes,7,2,1
fastai_fastai.fastai.tabular,core,TabDataLoader,__init__,3,2,5
fastai_fastai.fastai.tabular,core,TabDataLoader,create_item,2,2,1
fastai_fastai.fastai.tabular,core,TabDataLoader,create_batch,2,1,1
fastai_fastai.fastai.tabular,core,TabDataLoader,do_item,2,1,1
fastai_fastai.fastai.tabular,core,TabWeightedDL,__init__,5,1,6
fastai_fastai.fastai.tabular,core,TabWeightedDL,get_idxs,4,1,0
fastai_fastai.fastai.tabular,core,,make_date,6,3,2
fastai_fastai.fastai.tabular,core,,add_datepart,13,4,5
fastai_fastai.fastai.tabular,core,,_get_elapsed,11,6,5
fastai_fastai.fastai.tabular,core,,add_elapsed_times,21,4,4
fastai_fastai.fastai.tabular,core,,cont_cat_split,10,6,3
fastai_fastai.fastai.tabular,core,,df_shrink_dtypes,21,11,4
fastai_fastai.fastai.tabular,core,,df_shrink,3,1,4
fastai_fastai.fastai.tabular,core,,_add_prop,5,1,2
fastai_fastai.fastai.tabular,core,,_apply_cats,4,2,3
fastai_fastai.fastai.tabular,core,,_decode_cats,2,1,2
fastai_fastai.fastai.tabular,core,,setups,8,3,1
fastai_fastai.fastai.tabular,core,,encodes,3,1,1
fastai_fastai.fastai.tabular,core,,decodes,3,1,1
fastai_fastai.fastai.tabular,core,,setups,4,1,1
fastai_fastai.fastai.tabular,core,,encodes,3,1,1
fastai_fastai.fastai.tabular,core,,decodes,3,1,1
fastai_fastai.fastai.tabular,core,,_maybe_expand,2,1,1
fastai_fastai.fastai.tabular,core,,show_batch,2,1,5
fastai_fastai.fastai.tabular,core,,setups,3,1,1
fastai_fastai.fastai.tabular,core,,encodes,2,1,1
fastai_fastai.fastai.tabular,core,,decodes,3,1,1
fastai_fastai.fastai.tabular,core,,setups,4,1,1
fastai_fastai.fastai.tabular,core,,encodes,2,1,1
fastai_fastai.fastai.tabular,core,,decodes,2,1,1
fastai_fastai.fastai.tabular,data,TabularDataLoaders,from_df,6,3,9
fastai_fastai.fastai.tabular,data,TabularDataLoaders,from_csv,2,1,3
fastai_fastai.fastai.tabular,data,TabularDataLoaders,test_dl,4,2,4
fastai_fastai.fastai.tabular,learner,TabularLearner,predict,7,1,1
fastai_fastai.fastai.tabular,learner,,tabular_learner,10,6,6
fastai_fastai.fastai.tabular,learner,,show_results,4,2,6
fastai_fastai.fastai.tabular,model,TabularModel,__init__,14,5,12
fastai_fastai.fastai.tabular,model,TabularModel,forward,9,4,2
fastai_fastai.fastai.tabular,model,,emb_sz_rule,2,1,1
fastai_fastai.fastai.tabular,model,,_one_emb_sz,5,1,3
fastai_fastai.fastai.tabular,model,,get_emb_sz,2,1,2
fastai_fastai.fastai.tabular,model,,tabular_config,2,1,0
fastai_fastai.fastai.text,core,BaseTokenizer,__init__,2,1,1
fastai_fastai.fastai.text,core,BaseTokenizer,__call__,2,1,1
fastai_fastai.fastai.text,core,SpacyTokenizer,__init__,7,2,3
fastai_fastai.fastai.text,core,SpacyTokenizer,__call__,2,1,1
fastai_fastai.fastai.text,core,TokenizeWithRules,__init__,4,1,3
fastai_fastai.fastai.text,core,TokenizeWithRules,__call__,2,1,1
fastai_fastai.fastai.text,core,Tokenizer,__init__,4,2,6
fastai_fastai.fastai.text,core,Tokenizer,from_df,8,2,5
fastai_fastai.fastai.text,core,Tokenizer,from_folder,8,2,4
fastai_fastai.fastai.text,core,Tokenizer,setups,6,4,1
fastai_fastai.fastai.text,core,Tokenizer,encodes,5,2,1
fastai_fastai.fastai.text,core,Tokenizer,encodes,2,1,1
fastai_fastai.fastai.text,core,Tokenizer,_tokenize1,2,1,1
fastai_fastai.fastai.text,core,Tokenizer,get_lengths,10,5,1
fastai_fastai.fastai.text,core,Tokenizer,decodes,2,1,1
fastai_fastai.fastai.text,core,SentencePieceTokenizer,__init__,13,3,8
fastai_fastai.fastai.text,core,SentencePieceTokenizer,_get_vocab_sz,9,3,1
fastai_fastai.fastai.text,core,SentencePieceTokenizer,train,11,1,1
fastai_fastai.fastai.text,core,SentencePieceTokenizer,setup,12,3,2
fastai_fastai.fastai.text,core,SentencePieceTokenizer,__call__,3,3,1
fastai_fastai.fastai.text,core,,spec_add_spaces,2,1,1
fastai_fastai.fastai.text,core,,rm_useless_spaces,2,1,1
fastai_fastai.fastai.text,core,,replace_rep,5,0,1
fastai_fastai.fastai.text,core,,replace_wrep,5,0,1
fastai_fastai.fastai.text,core,,fix_html,5,1,1
fastai_fastai.fastai.text,core,,replace_all_caps,5,0,1
fastai_fastai.fastai.text,core,,replace_maj,5,0,1
fastai_fastai.fastai.text,core,,lowercase,2,1,3
fastai_fastai.fastai.text,core,,replace_space,2,1,1
fastai_fastai.fastai.text,core,,tokenize1,2,1,2
fastai_fastai.fastai.text,core,,parallel_tokenize,4,3,4
fastai_fastai.fastai.text,core,,_tokenize_files,16,5,10
fastai_fastai.fastai.text,core,,tokenize_folder,5,0,5
fastai_fastai.fastai.text,core,,tokenize_files,4,1,4
fastai_fastai.fastai.text,core,,_join_texts,5,2,2
fastai_fastai.fastai.text,core,,tokenize_texts,5,1,4
fastai_fastai.fastai.text,core,,tokenize_df,12,2,7
fastai_fastai.fastai.text,core,,tokenize_csv,11,2,9
fastai_fastai.fastai.text,core,,load_tokenized_csv,6,2,1
fastai_fastai.fastai.text,data,Numericalize,__init__,3,1,4
fastai_fastai.fastai.text,data,Numericalize,setups,8,5,1
fastai_fastai.fastai.text,data,Numericalize,encodes,2,1,1
fastai_fastai.fastai.text,data,Numericalize,decodes,2,1,1
fastai_fastai.fastai.text,data,LMDataLoader,__init__,13,3,6
fastai_fastai.fastai.text,data,LMDataLoader,make_chunks,2,1,0
fastai_fastai.fastai.text,data,LMDataLoader,shuffle_fn,4,1,1
fastai_fastai.fastai.text,data,LMDataLoader,create_item,7,3,1
fastai_fastai.fastai.text,data,LMDataLoader,new,4,1,2
fastai_fastai.fastai.text,data,Pad_Input,encodes,14,2,5
fastai_fastai.fastai.text,data,Pad_Input,decodes,3,1,1
fastai_fastai.fastai.text,data,Pad_Chunk,__init__,3,1,4
fastai_fastai.fastai.text,data,Pad_Chunk,before_call,2,1,1
fastai_fastai.fastai.text,data,Pad_Chunk,__call__,3,1,1
fastai_fastai.fastai.text,data,Pad_Chunk,encodes,2,1,1
fastai_fastai.fastai.text,data,Pad_Chunk,decodes,2,1,1
fastai_fastai.fastai.text,data,SortedDL,__init__,6,4,3
fastai_fastai.fastai.text,data,SortedDL,get_idxs,4,1,0
fastai_fastai.fastai.text,data,SortedDL,shuffle_fn,13,1,1
fastai_fastai.fastai.text,data,SortedDL,new,4,3,1
fastai_fastai.fastai.text,data,TextBlock,__init__,6,2,5
fastai_fastai.fastai.text,data,TextBlock,from_df,3,1,8
fastai_fastai.fastai.text,data,TextBlock,from_folder,3,1,8
fastai_fastai.fastai.text,data,TextDataLoaders,from_folder,11,3,13
fastai_fastai.fastai.text,data,TextDataLoaders,from_df,11,6,16
fastai_fastai.fastai.text,data,TextDataLoaders,from_csv,3,1,6
fastai_fastai.fastai.text,data,,reverse_text,2,1,1
fastai_fastai.fastai.text,data,,make_vocab,8,3,4
fastai_fastai.fastai.text,data,,_maybe_first,2,1,1
fastai_fastai.fastai.text,data,,_get_tokenizer,6,4,1
fastai_fastai.fastai.text,data,,_get_lengths,4,1,1
fastai_fastai.fastai.text,data,,show_batch,6,3,6
fastai_fastai.fastai.text,data,,show_batch,3,1,6
fastai_fastai.fastai.text,data,,pad_chunk,6,1,5
fastai_fastai.fastai.text,data,,pad_input_chunk,4,1,2
fastai_fastai.fastai.text,data,,_default_sort,2,1,1
fastai_fastai.fastai.text,learner,TextLearner,__init__,3,1,5
fastai_fastai.fastai.text,learner,TextLearner,save_encoder,5,3,1
fastai_fastai.fastai.text,learner,TextLearner,load_encoder,9,3,2
fastai_fastai.fastai.text,learner,TextLearner,load_pretrained,10,2,3
fastai_fastai.fastai.text,learner,TextLearner,load,6,3,3
fastai_fastai.fastai.text,learner,LMLearner,predict,20,8,8
fastai_fastai.fastai.text,learner,LMLearner,get_preds,2,1,1
fastai_fastai.fastai.text,learner,,match_embeds,17,6,3
fastai_fastai.fastai.text,learner,,_get_text_vocab,4,2,1
fastai_fastai.fastai.text,learner,,load_ignore_keys,4,2,2
fastai_fastai.fastai.text,learner,,_rm_module,7,3,1
fastai_fastai.fastai.text,learner,,clean_raw_keys,6,3,1
fastai_fastai.fastai.text,learner,,load_model_text,13,8,6
fastai_fastai.fastai.text,learner,,decode_spec_tokens,18,9,1
fastai_fastai.fastai.text,learner,,_get_text_vocab,4,2,1
fastai_fastai.fastai.text,learner,,language_model_learner,18,5,7
fastai_fastai.fastai.text,learner,,text_classifier_learner,19,4,12
fastai_fastai.fastai.text,learner,,show_results,7,3,6
fastai_fastai.fastai.text,learner,,show_results,6,2,7
fastai_fastai.fastai.text,learner,,plot_top_losses,9,3,7
fastai_fastai.fastai.text.models,awdlstm,RNNDropout,__init__,2,1,1
fastai_fastai.fastai.text.models,awdlstm,RNNDropout,forward,3,2,1
fastai_fastai.fastai.text.models,awdlstm,WeightDropout,__init__,10,3,3
fastai_fastai.fastai.text.models,awdlstm,WeightDropout,_setweights,6,3,0
fastai_fastai.fastai.text.models,awdlstm,WeightDropout,forward,6,1,0
fastai_fastai.fastai.text.models,awdlstm,WeightDropout,reset,5,3,0
fastai_fastai.fastai.text.models,awdlstm,WeightDropout,_do_nothing,2,1,0
fastai_fastai.fastai.text.models,awdlstm,EmbeddingDropout,__init__,2,1,2
fastai_fastai.fastai.text.models,awdlstm,EmbeddingDropout,forward,9,4,2
fastai_fastai.fastai.text.models,awdlstm,AWD_LSTM,__init__,12,1,10
fastai_fastai.fastai.text.models,awdlstm,AWD_LSTM,forward,11,4,2
fastai_fastai.fastai.text.models,awdlstm,AWD_LSTM,_change_hidden,3,1,1
fastai_fastai.fastai.text.models,awdlstm,AWD_LSTM,_one_rnn,3,1,5
fastai_fastai.fastai.text.models,awdlstm,AWD_LSTM,_one_hidden,3,1,1
fastai_fastai.fastai.text.models,awdlstm,AWD_LSTM,_change_one_hidden,6,1,2
fastai_fastai.fastai.text.models,awdlstm,AWD_LSTM,reset,3,1,0
fastai_fastai.fastai.text.models,awdlstm,,dropout_mask,2,1,3
fastai_fastai.fastai.text.models,awdlstm,,awd_lstm_lm_split,4,1,1
fastai_fastai.fastai.text.models,awdlstm,,awd_lstm_clas_split,5,1,1
fastai_fastai.fastai.text.models,core,LinearDecoder,__init__,6,3,5
fastai_fastai.fastai.text.models,core,LinearDecoder,forward,3,1,1
fastai_fastai.fastai.text.models,core,SequentialRNN,reset,2,2,0
fastai_fastai.fastai.text.models,core,SentenceEncoder,__init__,2,1,4
fastai_fastai.fastai.text.models,core,SentenceEncoder,reset,2,1,0
fastai_fastai.fastai.text.models,core,SentenceEncoder,forward,15,4,1
fastai_fastai.fastai.text.models,core,PoolingLinearClassifier,__init__,7,3,4
fastai_fastai.fastai.text.models,core,PoolingLinearClassifier,forward,5,1,1
fastai_fastai.fastai.text.models,core,,get_language_model,12,3,4
fastai_fastai.fastai.text.models,core,,_pad_tensor,3,1,2
fastai_fastai.fastai.text.models,core,,masked_concat_pool,8,1,3
fastai_fastai.fastai.text.models,core,,get_text_classifier,15,5,11
fastai_fastai.fastai.vision,augment,RandTransform,__init__,4,1,3
fastai_fastai.fastai.vision,augment,RandTransform,before_call,2,2,2
fastai_fastai.fastai.vision,augment,RandTransform,__call__,3,1,2
fastai_fastai.fastai.vision,augment,FlipItem,__init__,2,1,1
fastai_fastai.fastai.vision,augment,FlipItem,encodes,2,1,1
fastai_fastai.fastai.vision,augment,DihedralItem,before_call,3,1,2
fastai_fastai.fastai.vision,augment,DihedralItem,encodes,2,1,1
fastai_fastai.fastai.vision,augment,CropPad,__init__,4,1,2
fastai_fastai.fastai.vision,augment,CropPad,encodes,4,1,1
fastai_fastai.fastai.vision,augment,RandomCrop,__init__,4,1,1
fastai_fastai.fastai.vision,augment,RandomCrop,before_call,9,2,2
fastai_fastai.fastai.vision,augment,RandomCrop,encodes,2,1,1
fastai_fastai.fastai.vision,augment,OldRandomCrop,before_call,4,2,2
fastai_fastai.fastai.vision,augment,Resize,__init__,5,1,4
fastai_fastai.fastai.vision,augment,Resize,before_call,3,2,2
fastai_fastai.fastai.vision,augment,Resize,encodes,12,1,1
fastai_fastai.fastai.vision,augment,RandomResizedCrop,__init__,5,1,6
fastai_fastai.fastai.vision,augment,RandomResizedCrop,before_call,21,6,2
fastai_fastai.fastai.vision,augment,RandomResizedCrop,encodes,5,2,1
fastai_fastai.fastai.vision,augment,RatioResize,__init__,3,1,2
fastai_fastai.fastai.vision,augment,RatioResize,encodes,5,2,1
fastai_fastai.fastai.vision,augment,AffineCoordTfm,__init__,5,1,7
fastai_fastai.fastai.vision,augment,AffineCoordTfm,before_call,5,3,2
fastai_fastai.fastai.vision,augment,AffineCoordTfm,compose,3,1,1
fastai_fastai.fastai.vision,augment,AffineCoordTfm,_get_affine_mat,7,2,1
fastai_fastai.fastai.vision,augment,AffineCoordTfm,_encode,3,2,3
fastai_fastai.fastai.vision,augment,AffineCoordTfm,encodes,2,1,1
fastai_fastai.fastai.vision,augment,AffineCoordTfm,encodes,2,1,1
fastai_fastai.fastai.vision,augment,AffineCoordTfm,encodes,2,1,1
fastai_fastai.fastai.vision,augment,RandomResizedCropGPU,__init__,4,2,7
fastai_fastai.fastai.vision,augment,RandomResizedCropGPU,before_call,18,8,2
fastai_fastai.fastai.vision,augment,RandomResizedCropGPU,_encode,3,1,2
fastai_fastai.fastai.vision,augment,RandomResizedCropGPU,encodes,2,1,1
fastai_fastai.fastai.vision,augment,RandomResizedCropGPU,encodes,2,1,1
fastai_fastai.fastai.vision,augment,Flip,__init__,3,1,7
fastai_fastai.fastai.vision,augment,DeterministicDraw,__init__,2,1,1
fastai_fastai.fastai.vision,augment,DeterministicDraw,__call__,3,1,1
fastai_fastai.fastai.vision,augment,DeterministicFlip,__init__,2,1,4
fastai_fastai.fastai.vision,augment,Dihedral,__init__,3,1,7
fastai_fastai.fastai.vision,augment,DeterministicDihedral,__init__,2,1,4
fastai_fastai.fastai.vision,augment,Rotate,__init__,3,1,8
fastai_fastai.fastai.vision,augment,Zoom,__init__,3,1,11
fastai_fastai.fastai.vision,augment,_WarpCoord,__init__,3,1,5
fastai_fastai.fastai.vision,augment,_WarpCoord,_def_draw,3,1,1
fastai_fastai.fastai.vision,augment,_WarpCoord,before_call,8,1,1
fastai_fastai.fastai.vision,augment,_WarpCoord,__call__,3,1,2
fastai_fastai.fastai.vision,augment,Warp,__init__,4,1,9
fastai_fastai.fastai.vision,augment,SpaceTfm,__init__,4,1,2
fastai_fastai.fastai.vision,augment,SpaceTfm,before_call,4,3,2
fastai_fastai.fastai.vision,augment,SpaceTfm,compose,2,1,1
fastai_fastai.fastai.vision,augment,SpaceTfm,encodes,2,1,1
fastai_fastai.fastai.vision,augment,LightingTfm,__init__,2,1,1
fastai_fastai.fastai.vision,augment,_BrightnessLogit,__init__,2,1,4
fastai_fastai.fastai.vision,augment,_BrightnessLogit,_def_draw,3,1,1
fastai_fastai.fastai.vision,augment,_BrightnessLogit,before_call,2,1,1
fastai_fastai.fastai.vision,augment,_BrightnessLogit,__call__,2,1,1
fastai_fastai.fastai.vision,augment,Brightness,__init__,3,1,4
fastai_fastai.fastai.vision,augment,_ContrastLogit,__init__,2,1,4
fastai_fastai.fastai.vision,augment,_ContrastLogit,_def_draw,4,2,1
fastai_fastai.fastai.vision,augment,_ContrastLogit,before_call,2,1,1
fastai_fastai.fastai.vision,augment,_ContrastLogit,__call__,2,1,1
fastai_fastai.fastai.vision,augment,Contrast,__init__,3,1,4
fastai_fastai.fastai.vision,augment,_SaturationLogit,__init__,2,1,4
fastai_fastai.fastai.vision,augment,_SaturationLogit,_def_draw,4,2,1
fastai_fastai.fastai.vision,augment,_SaturationLogit,before_call,2,1,1
fastai_fastai.fastai.vision,augment,_SaturationLogit,__call__,5,1,1
fastai_fastai.fastai.vision,augment,Saturation,__init__,3,1,4
fastai_fastai.fastai.vision,augment,HSVTfm,__init__,2,1,1
fastai_fastai.fastai.vision,augment,_Hue,__init__,2,1,4
fastai_fastai.fastai.vision,augment,_Hue,_def_draw,4,2,1
fastai_fastai.fastai.vision,augment,_Hue,before_call,2,1,1
fastai_fastai.fastai.vision,augment,_Hue,__call__,5,1,1
fastai_fastai.fastai.vision,augment,Hue,__init__,2,1,4
fastai_fastai.fastai.vision,augment,RandomErasing,__init__,4,1,5
fastai_fastai.fastai.vision,augment,RandomErasing,_bounds,4,1,3
fastai_fastai.fastai.vision,augment,RandomErasing,encodes,6,1,1
fastai_fastai.fastai.vision,augment,,_neg_axis,3,1,2
fastai_fastai.fastai.vision,augment,,flip_lr,2,1,1
fastai_fastai.fastai.vision,augment,,flip_lr,2,1,1
fastai_fastai.fastai.vision,augment,,flip_lr,2,1,1
fastai_fastai.fastai.vision,augment,,flip_lr,2,1,1
fastai_fastai.fastai.vision,augment,,dihedral,2,1,2
fastai_fastai.fastai.vision,augment,,dihedral,5,4,2
fastai_fastai.fastai.vision,augment,,dihedral,5,4,2
fastai_fastai.fastai.vision,augment,,dihedral,4,1,2
fastai_fastai.fastai.vision,augment,,_do_crop_pad,12,6,7
fastai_fastai.fastai.vision,augment,,_do_crop_pad,3,1,6
fastai_fastai.fastai.vision,augment,,_do_crop_pad,3,1,6
fastai_fastai.fastai.vision,augment,,crop_pad,5,2,7
fastai_fastai.fastai.vision,augment,,_process_sz,3,2,1
fastai_fastai.fastai.vision,augment,,_get_sz,4,2,1
fastai_fastai.fastai.vision,augment,,_init_mat,3,1,1
fastai_fastai.fastai.vision,augment,,_grid_sample,11,4,5
fastai_fastai.fastai.vision,augment,,affine_grid,2,1,3
fastai_fastai.fastai.vision,augment,,affine_coord,7,4,7
fastai_fastai.fastai.vision,augment,,affine_coord,6,3,7
fastai_fastai.fastai.vision,augment,,affine_coord,7,4,7
fastai_fastai.fastai.vision,augment,,affine_coord,10,3,7
fastai_fastai.fastai.vision,augment,,_prepare_mat,5,1,2
fastai_fastai.fastai.vision,augment,,mask_tensor,7,2,4
fastai_fastai.fastai.vision,augment,,_draw_mask,8,4,6
fastai_fastai.fastai.vision,augment,,affine_mat,4,1,0
fastai_fastai.fastai.vision,augment,,flip_mat,5,0,4
fastai_fastai.fastai.vision,augment,,_get_default,5,3,3
fastai_fastai.fastai.vision,augment,,flip_batch,4,1,8
fastai_fastai.fastai.vision,augment,,dihedral_mat,10,-1,4
fastai_fastai.fastai.vision,augment,,dihedral_batch,4,1,8
fastai_fastai.fastai.vision,augment,,rotate_mat,6,-1,5
fastai_fastai.fastai.vision,augment,,rotate,4,1,5
fastai_fastai.fastai.vision,augment,,zoom_mat,14,-3,8
fastai_fastai.fastai.vision,augment,,zoom,3,1,5
fastai_fastai.fastai.vision,augment,,solve,2,1,2
fastai_fastai.fastai.vision,augment,,find_coeffs,9,2,2
fastai_fastai.fastai.vision,augment,,apply_perspective,8,1,2
fastai_fastai.fastai.vision,augment,,warp,5,1,5
fastai_fastai.fastai.vision,augment,,lighting,2,1,2
fastai_fastai.fastai.vision,augment,,brightness,4,1,1
fastai_fastai.fastai.vision,augment,,contrast,4,1,1
fastai_fastai.fastai.vision,augment,,grayscale,2,1,1
fastai_fastai.fastai.vision,augment,,saturation,4,1,1
fastai_fastai.fastai.vision,augment,,rgb2hsv,17,1,1
fastai_fastai.fastai.vision,augment,,hsv2rgb,15,1,1
fastai_fastai.fastai.vision,augment,,hsv,2,1,2
fastai_fastai.fastai.vision,augment,,hue,4,1,1
fastai_fastai.fastai.vision,augment,,cutout_gaussian,4,2,2
fastai_fastai.fastai.vision,augment,,norm_apply_denorm,3,1,3
fastai_fastai.fastai.vision,augment,,_slice,4,1,2
fastai_fastai.fastai.vision,augment,,_compose_same_tfms,6,2,1
fastai_fastai.fastai.vision,augment,,setup_aug_tfms,9,2,1
fastai_fastai.fastai.vision,augment,,aug_transforms,12,8,17
fastai_fastai.fastai.vision,core,PILBase,create,8,5,2
fastai_fastai.fastai.vision,core,PILBase,show,2,1,1
fastai_fastai.fastai.vision,core,PILBase,__repr__,2,1,0
fastai_fastai.fastai.vision,core,AddMaskCodes,__init__,3,2,1
fastai_fastai.fastai.vision,core,AddMaskCodes,decodes,3,2,1
fastai_fastai.fastai.vision,core,TensorPoint,create,2,1,3
fastai_fastai.fastai.vision,core,TensorPoint,show,5,2,1
fastai_fastai.fastai.vision,core,TensorBBox,create,2,1,3
fastai_fastai.fastai.vision,core,TensorBBox,show,4,2,1
fastai_fastai.fastai.vision,core,LabeledBBox,show,4,3,1
fastai_fastai.fastai.vision,core,PointScaler,__init__,2,1,2
fastai_fastai.fastai.vision,core,PointScaler,_grab_sz,3,1,1
fastai_fastai.fastai.vision,core,PointScaler,_get_sz,2,1,1
fastai_fastai.fastai.vision,core,PointScaler,setups,3,2,1
fastai_fastai.fastai.vision,core,PointScaler,encodes,2,1,1
fastai_fastai.fastai.vision,core,PointScaler,decodes,2,1,1
fastai_fastai.fastai.vision,core,PointScaler,encodes,2,1,1
fastai_fastai.fastai.vision,core,PointScaler,decodes,2,1,1
fastai_fastai.fastai.vision,core,BBoxLabeler,setups,2,1,1
fastai_fastai.fastai.vision,core,BBoxLabeler,decode,3,1,1
fastai_fastai.fastai.vision,core,BBoxLabeler,decodes,3,1,1
fastai_fastai.fastai.vision,core,BBoxLabeler,decodes,3,1,1
fastai_fastai.fastai.vision,core,,__repr__,2,1,1
fastai_fastai.fastai.vision,core,,n_px,2,1,1
fastai_fastai.fastai.vision,core,,shape,2,1,1
fastai_fastai.fastai.vision,core,,aspect,2,1,1
fastai_fastai.fastai.vision,core,,reshape,2,1,4
fastai_fastai.fastai.vision,core,,to_bytes_format,4,1,2
fastai_fastai.fastai.vision,core,,to_thumb,5,2,2
fastai_fastai.fastai.vision,core,,resize_max,6,7,5
fastai_fastai.fastai.vision,core,,to_image,5,3,1
fastai_fastai.fastai.vision,core,,load_image,5,1,2
fastai_fastai.fastai.vision,core,,image2tensor,4,2,1
fastai_fastai.fastai.vision,core,,get_annotations,11,2,2
fastai_fastai.fastai.vision,core,,_draw_outline,2,1,2
fastai_fastai.fastai.vision,core,,_draw_rect,9,4,7
fastai_fastai.fastai.vision,core,,encodes,2,1,1
fastai_fastai.fastai.vision,core,,encodes,2,1,1
fastai_fastai.fastai.vision,core,,_scale_pnts,4,2,4
fastai_fastai.fastai.vision,core,,_unscale_pnts,2,1,2
fastai_fastai.fastai.vision,core,,decodes,2,1,1
fastai_fastai.fastai.vision,core,,encodes,3,1,1
fastai_fastai.fastai.vision,core,,decodes,3,1,1
fastai_fastai.fastai.vision,data,ImageDataLoaders,from_folder,10,1,10
fastai_fastai.fastai.vision,data,ImageDataLoaders,from_path_func,7,1,9
fastai_fastai.fastai.vision,data,ImageDataLoaders,from_name_func,6,3,4
fastai_fastai.fastai.vision,data,ImageDataLoaders,from_path_re,2,1,4
fastai_fastai.fastai.vision,data,ImageDataLoaders,from_name_re,2,1,4
fastai_fastai.fastai.vision,data,ImageDataLoaders,from_df,13,4,15
fastai_fastai.fastai.vision,data,ImageDataLoaders,from_csv,3,1,6
fastai_fastai.fastai.vision,data,ImageDataLoaders,from_lists,9,3,10
fastai_fastai.fastai.vision,data,SegmentationDataLoaders,from_label_func,8,1,10
fastai_fastai.fastai.vision,data,,get_grid,13,8,8
fastai_fastai.fastai.vision,data,,clip_remove_empty,4,1,2
fastai_fastai.fastai.vision,data,,bb_pad,8,0,2
fastai_fastai.fastai.vision,data,,show_batch,4,2,8
fastai_fastai.fastai.vision,data,,show_batch,5,3,8
fastai_fastai.fastai.vision,data,,ImageBlock,2,1,1
fastai_fastai.fastai.vision,data,,MaskBlock,2,1,1
fastai_fastai.fastai.vision,data,,BBoxLblBlock,2,1,2
fastai_fastai.fastai.vision,gan,GANModule,__init__,4,3,3
fastai_fastai.fastai.vision,gan,GANModule,forward,2,1,0
fastai_fastai.fastai.vision,gan,GANModule,switch,2,1,1
fastai_fastai.fastai.vision,gan,AddChannels,__init__,2,1,1
fastai_fastai.fastai.vision,gan,AddChannels,forward,2,1,1
fastai_fastai.fastai.vision,gan,GANLoss,__init__,3,1,3
fastai_fastai.fastai.vision,gan,GANLoss,generator,4,1,2
fastai_fastai.fastai.vision,gan,GANLoss,critic,5,1,2
fastai_fastai.fastai.vision,gan,AdaptiveLoss,__init__,2,1,1
fastai_fastai.fastai.vision,gan,AdaptiveLoss,forward,2,1,2
fastai_fastai.fastai.vision,gan,GANTrainer,__init__,3,1,5
fastai_fastai.fastai.vision,gan,GANTrainer,_set_trainable,8,2,0
fastai_fastai.fastai.vision,gan,GANTrainer,before_fit,7,1,0
fastai_fastai.fastai.vision,gan,GANTrainer,before_validate,2,1,0
fastai_fastai.fastai.vision,gan,GANTrainer,before_batch,5,5,0
fastai_fastai.fastai.vision,gan,GANTrainer,after_batch,9,3,0
fastai_fastai.fastai.vision,gan,GANTrainer,before_epoch,2,1,0
fastai_fastai.fastai.vision,gan,GANTrainer,switch,5,1,1
fastai_fastai.fastai.vision,gan,FixedGANSwitcher,__init__,2,1,2
fastai_fastai.fastai.vision,gan,FixedGANSwitcher,before_train,2,1,0
fastai_fastai.fastai.vision,gan,FixedGANSwitcher,after_batch,12,4,0
fastai_fastai.fastai.vision,gan,AdaptiveGANSwitcher,__init__,2,1,2
fastai_fastai.fastai.vision,gan,AdaptiveGANSwitcher,after_batch,6,7,0
fastai_fastai.fastai.vision,gan,GANDiscriminativeLR,__init__,2,1,1
fastai_fastai.fastai.vision,gan,GANDiscriminativeLR,before_batch,3,3,0
fastai_fastai.fastai.vision,gan,GANDiscriminativeLR,after_batch,2,2,0
fastai_fastai.fastai.vision,gan,InvisibleTensor,show,2,1,1
fastai_fastai.fastai.vision,gan,GANLearner,__init__,8,2,12
fastai_fastai.fastai.vision,gan,GANLearner,from_learners,3,1,5
fastai_fastai.fastai.vision,gan,GANLearner,wgan,3,2,7
fastai_fastai.fastai.vision,gan,,basic_critic,10,2,5
fastai_fastai.fastai.vision,gan,,basic_generator,11,3,5
fastai_fastai.fastai.vision,gan,,_conv,3,2,5
fastai_fastai.fastai.vision,gan,,DenseResBlock,4,1,2
fastai_fastai.fastai.vision,gan,,gan_critic,15,2,4
fastai_fastai.fastai.vision,gan,,accuracy_thresh_expand,3,2,4
fastai_fastai.fastai.vision,gan,,set_freeze_model,2,2,2
fastai_fastai.fastai.vision,gan,,generate_noise,2,1,2
fastai_fastai.fastai.vision,gan,,show_batch,4,2,8
fastai_fastai.fastai.vision,gan,,show_results,4,2,9
fastai_fastai.fastai.vision,gan,,gan_loss_from_func,10,-1,3
fastai_fastai.fastai.vision,gan,,_tk_mean,2,1,3
fastai_fastai.fastai.vision,gan,,_tk_diff,2,1,2
fastai_fastai.fastai.vision,learner,TimmBody,__init__,4,1,4
fastai_fastai.fastai.vision,learner,TimmBody,forward,2,1,1
fastai_fastai.fastai.vision,learner,,_is_pool_type,2,1,1
fastai_fastai.fastai.vision,learner,,has_pool_type,5,2,1
fastai_fastai.fastai.vision,learner,,_get_first_layer,5,2,1
fastai_fastai.fastai.vision,learner,,_load_pretrained_weights,12,3,2
fastai_fastai.fastai.vision,learner,,_update_first_layer,12,3,3
fastai_fastai.fastai.vision,learner,,cut_model,4,2,2
fastai_fastai.fastai.vision,learner,,create_body,6,2,4
fastai_fastai.fastai.vision,learner,,create_head,18,10,10
fastai_fastai.fastai.vision,learner,,default_split,2,1,1
fastai_fastai.fastai.vision,learner,,_xresnet_split,2,1,1
fastai_fastai.fastai.vision,learner,,_resnet_split,2,1,1
fastai_fastai.fastai.vision,learner,,_squeezenet_split,2,1,1
fastai_fastai.fastai.vision,learner,,_densenet_split,2,1,1
fastai_fastai.fastai.vision,learner,,_vgg_split,2,1,1
fastai_fastai.fastai.vision,learner,,_alexnet_split,2,1,1
fastai_fastai.fastai.vision,learner,,add_head,7,3,13
fastai_fastai.fastai.vision,learner,,create_vision_model,12,6,16
fastai_fastai.fastai.vision,learner,,create_timm_model,7,1,15
fastai_fastai.fastai.vision,learner,,_add_norm,7,3,4
fastai_fastai.fastai.vision,learner,,_timm_norm,6,3,4
fastai_fastai.fastai.vision,learner,,vision_learner,19,6,29
fastai_fastai.fastai.vision,learner,,create_unet_model,11,6,7
fastai_fastai.fastai.vision,learner,,unet_learner,19,4,19
fastai_fastai.fastai.vision,learner,,create_cnn_model,3,1,0
fastai_fastai.fastai.vision,learner,,cnn_learner,3,1,0
fastai_fastai.fastai.vision,learner,,show_results,4,2,9
fastai_fastai.fastai.vision,learner,,show_results,7,3,9
fastai_fastai.fastai.vision,learner,,show_results,8,4,9
fastai_fastai.fastai.vision,learner,,show_results,6,3,7
fastai_fastai.fastai.vision,learner,,plot_top_losses,5,2,9
fastai_fastai.fastai.vision,learner,,plot_top_losses,8,3,9
fastai_fastai.fastai.vision,learner,,plot_top_losses,10,5,9
fastai_fastai.fastai.vision,utils,,_get_downloaded_image_filename,7,2,3
fastai_fastai.fastai.vision,utils,,_download_image_inner,8,2,4
fastai_fastai.fastai.vision,utils,,download_images,6,2,7
fastai_fastai.fastai.vision,utils,,resize_to,5,1,3
fastai_fastai.fastai.vision,utils,,verify_image,7,1,1
fastai_fastai.fastai.vision,utils,,verify_images,2,1,1
fastai_fastai.fastai.vision,utils,,resize_image,18,11,9
fastai_fastai.fastai.vision,utils,,resize_images,8,3,10
fastai_fastai.fastai.vision,widgets,ImagesCleaner,__init__,4,1,4
fastai_fastai.fastai.vision,widgets,ImagesCleaner,set_fns,6,1,1
fastai_fastai.fastai.vision,widgets,ImagesCleaner,_ipython_display_,2,1,0
fastai_fastai.fastai.vision,widgets,ImagesCleaner,values,2,1,0
fastai_fastai.fastai.vision,widgets,ImagesCleaner,delete,2,1,0
fastai_fastai.fastai.vision,widgets,ImagesCleaner,change,3,1,0
fastai_fastai.fastai.vision,widgets,ImageClassifierCleaner,__init__,10,1,1
fastai_fastai.fastai.vision,widgets,ImageClassifierCleaner,_ipython_display_,2,1,0
fastai_fastai.fastai.vision,widgets,ImageClassifierCleaner,on_change_ds,3,1,1
fastai_fastai.fastai.vision,widgets,,__getitem__,2,1,1
fastai_fastai.fastai.vision,widgets,,widget,4,1,1
fastai_fastai.fastai.vision,widgets,,_update_children,3,3,1
fastai_fastai.fastai.vision,widgets,,carousel,6,1,1
fastai_fastai.fastai.vision,widgets,,_open_thumb,2,1,3
fastai_fastai.fastai.vision,widgets,,_get_iw_info,5,1,2
fastai_fastai.fastai.vision.models,unet,UnetBlock,__init__,11,1,9
fastai_fastai.fastai.vision.models,unet,UnetBlock,forward,8,2,1
fastai_fastai.fastai.vision.models,unet,ResizeToOrig,__init__,2,1,1
fastai_fastai.fastai.vision.models,unet,ResizeToOrig,forward,4,2,1
fastai_fastai.fastai.vision.models,unet,DynamicUnet,__init__,32,8,12
fastai_fastai.fastai.vision.models,unet,DynamicUnet,__del__,2,2,0
fastai_fastai.fastai.vision.models,unet,,_get_sz_change_idxs,4,1,1
fastai_fastai.fastai.vision.models,xresnet,XResNet,__init__,17,2,13
fastai_fastai.fastai.vision.models,xresnet,XResNet,_make_blocks,4,2,4
fastai_fastai.fastai.vision.models,xresnet,XResNet,_make_layer,5,2,5
fastai_fastai.fastai.vision.models,xresnet,,init_cnn,4,4,1
fastai_fastai.fastai.vision.models,xresnet,,_xresnet,5,2,3
fastai_fastai.fastai.vision.models,xresnet,,xresnet18,2,1,1
fastai_fastai.fastai.vision.models,xresnet,,xresnet34,2,1,1
fastai_fastai.fastai.vision.models,xresnet,,xresnet50,2,1,1
fastai_fastai.fastai.vision.models,xresnet,,xresnet101,2,1,1
fastai_fastai.fastai.vision.models,xresnet,,xresnet152,2,1,1
fastai_fastai.fastai.vision.models,xresnet,,xresnet18_deep,2,1,1
fastai_fastai.fastai.vision.models,xresnet,,xresnet34_deep,2,1,1
fastai_fastai.fastai.vision.models,xresnet,,xresnet50_deep,2,1,1
fastai_fastai.fastai.vision.models,xresnet,,xresnet18_deeper,2,1,1
fastai_fastai.fastai.vision.models,xresnet,,xresnet34_deeper,2,1,1
fastai_fastai.fastai.vision.models,xresnet,,xresnet50_deeper,2,1,1
fastai_fastai.fastai.vision.models,xresnet,,xse_resnet18,2,1,2
fastai_fastai.fastai.vision.models,xresnet,,xse_resnext18,2,1,2
fastai_fastai.fastai.vision.models,xresnet,,xresnext18,2,1,2
fastai_fastai.fastai.vision.models,xresnet,,xse_resnet34,2,1,2
fastai_fastai.fastai.vision.models,xresnet,,xse_resnext34,2,1,2
fastai_fastai.fastai.vision.models,xresnet,,xresnext34,2,1,2
fastai_fastai.fastai.vision.models,xresnet,,xse_resnet50,2,1,2
fastai_fastai.fastai.vision.models,xresnet,,xse_resnext50,2,1,2
fastai_fastai.fastai.vision.models,xresnet,,xresnext50,2,1,2
fastai_fastai.fastai.vision.models,xresnet,,xse_resnet101,2,1,2
fastai_fastai.fastai.vision.models,xresnet,,xse_resnext101,2,1,2
fastai_fastai.fastai.vision.models,xresnet,,xresnext101,2,1,2
fastai_fastai.fastai.vision.models,xresnet,,xse_resnet152,2,1,2
fastai_fastai.fastai.vision.models,xresnet,,xsenet154,2,1,2
fastai_fastai.fastai.vision.models,xresnet,,xse_resnext18_deep,2,1,2
fastai_fastai.fastai.vision.models,xresnet,,xse_resnext34_deep,2,1,2
fastai_fastai.fastai.vision.models,xresnet,,xse_resnext50_deep,2,1,2
fastai_fastai.fastai.vision.models,xresnet,,xse_resnext18_deeper,2,1,2
fastai_fastai.fastai.vision.models,xresnet,,xse_resnext34_deeper,2,1,2
fastai_fastai.fastai.vision.models,xresnet,,xse_resnext50_deeper,2,1,2
fastai_fastai.nbs,dltest,RandDL,create_item,3,1,1
fastai_fastai.nbs.examples,dataloader_spawn,,get_data,8,1,3
fastai_fastai.nbs.examples,dataloader_spawn,,block,2,1,2
fastai_fastai.nbs.examples,dataloader_spawn,,get_model,10,1,0
fastai_fastai.nbs.examples,dataloader_spawn,,get_learner,3,1,2
fastai_fastai.nbs.examples,distrib_pytorch,Net,__init__,6,1,0
fastai_fastai.nbs.examples,migrating_catalyst,CustomRunner,predict_batch,2,1,1
fastai_fastai.nbs.examples,migrating_catalyst,CustomRunner,_handle_batch,12,2,1
fastai_fastai.nbs.examples,migrating_fastai,Net,__init__,6,1,0
fastai_fastai.nbs.examples,migrating_ignite,Net,__init__,7,1,0
fastai_fastai.nbs.examples,migrating_ignite,Net,forward,8,1,1
fastai_fastai.nbs.examples,migrating_ignite,,get_data_loaders,7,1,2
fastai_fastai.nbs.examples,migrating_ignite,,run,40,2,6
fastai_fastai.nbs.examples,migrating_lightning,LitModel,__init__,3,1,0
fastai_fastai.nbs.examples,migrating_lightning,LitModel,forward,2,1,1
fastai_fastai.nbs.examples,migrating_lightning,LitModel,training_step,5,1,2
fastai_fastai.nbs.examples,migrating_lightning,LitModel,configure_optimizers,2,1,0
fastai_fastai.nbs.examples,migrating_lightning,LitModel,train_dataloader,3,1,0
fastai_fastai.nbs.examples,migrating_lightning,LitModel,validation_step,4,1,2
fastai_fastai.nbs.examples,migrating_lightning,LitModel,validation_epoch_end,4,1,1
fastai_fastai.nbs.examples,migrating_lightning,LitModel,val_dataloader,4,1,0
fastai_fastai.nbs.examples,migrating_pytorch,Flatten,forward,2,1,1
fastai_fastai.nbs.examples,migrating_pytorch,Net,__init__,6,1,0
fastai_fastai.nbs.examples,migrating_pytorch,,train,13,3,5
fastai_fastai.nbs.examples,migrating_pytorch,,test,13,2,3
fastai_fastai.nbs.examples,train_imagenette,,pr,2,2,1
fastai_fastai.nbs.examples,train_imagenette,,get_dls,19,3,6
fastai_fastai.nbs.examples,train_imagenette,,main,19,9,24
fastai_fastai.nbs.examples,train_imdbclassifier,,pr,2,2,1
fastai_fastai.nbs.examples,train_imdbclassifier,,main,15,6,6
fastai_fastai.nbs.examples,train_tabular,,pr,2,2,1
fastai_fastai.nbs.examples,train_tabular,,get_dls,7,1,1
fastai_fastai.nbs.examples,train_tabular,,main,12,5,4
fastai_fastai.nbs.examples,train_wt2,,istitle,2,1,1
fastai_fastai.nbs.examples,train_wt2,,read_file,12,4,1
fastai_fastai.nbs.examples,train_wt2,,get_data,11,1,2
fastai_fastai.nbs.examples,train_wt2,,main,10,1,2
